current,temperature,vibration,rpm,fault_type
4.815750068999254,42.48651556752208,0.8859885813423413,1489.8911074970777,NORMAL
4.961937532768402,49.87114602187239,6.491439119710272,1396.7608041121123,BEARING_FAULT
5.078891490083271,44.31844630657555,0.8885746791753795,1447.0564679439444,NORMAL
5.128364510399019,52.557676612167995,6.368377602588838,1334.12116183321,BEARING_FAULT
5.402934961131443,94.61161692824308,0.8566996800370434,1461.9249296247265,MOTOR_OVERHEAT
4.234588205997247,44.212457205184364,0.8973541327803859,1534.3618423271093,NORMAL
11.252308710666885,52.91301071366897,1.1184560566583255,1442.0256774442441,MOTOR_OVERLOAD
4.204164369356262,43.04369012752431,1.2938756023467919,1497.5393728158144,NORMAL
5.385996076813426,40.08800047671001,0.9459078931451398,1447.9288105034595,NORMAL
5.227568020619098,43.36140428652799,0.705427046214759,1512.0445266840277,NORMAL
5.354119313980287,54.113370305209926,4.42718361994886,1363.876135587044,BEARING_FAULT
5.06996578514964,57.45882351903401,4.005979189385221,1464.0397886259043,BEARING_FAULT
11.141480234571645,67.51156728511172,1.0941604642863405,1528.7331975062066,MOTOR_OVERLOAD
11.360632031192136,62.33957835894262,1.4804917542087332,1358.9202999041554,MOTOR_OVERLOAD
4.986986364800122,53.07250990264351,4.88714691541911,1627.2222840887878,BEARING_FAULT
6.1240466689042865,51.60222882392419,3.607489230774036,1743.6546013520856,BEARING_FAULT
11.576500938970112,59.37381961398634,0.7194186702506912,1448.2348817006339,MOTOR_OVERLOAD
4.755753058189805,49.5001756868321,0.8700302030130936,1487.87193533158,NORMAL
4.231358475892501,46.51188399197879,0.5175442566365376,1484.9362110790605,NORMAL
4.885609365496904,42.75698334364902,1.3773336852608329,1487.4738424436687,NORMAL
11.467114021176014,63.751067522680636,1.243007030245358,1339.8132130026545,MOTOR_OVERLOAD
11.413208916451676,56.031143007120036,2.097097120334128,1402.1307344380987,MOTOR_OVERLOAD
5.243969796366631,50.18043640947225,6.845879509977154,1233.4342165901794,BEARING_FAULT
11.402538482027785,58.12184803936243,1.9461721092714384,1375.8469428466467,MOTOR_OVERLOAD
7.35582979810599,79.64351568788385,1.2856179243899983,1589.4990949730093,MOTOR_OVERHEAT
4.970768958841929,42.30315015310197,0.911695682941825,1486.2862138836065,NORMAL
4.929009936649917,32.777079751160514,4.783550638316009,1329.1477842613706,BEARING_FAULT
4.999723365782783,49.33209035012977,4.806984228071089,1666.1630845568993,BEARING_FAULT
6.289944227001801,79.30192793584878,1.170988662274693,1387.8055692586147,MOTOR_OVERHEAT
12.471609198037749,50.46603876222657,1.6706240276868234,1375.5191901522553,MOTOR_OVERLOAD
6.060276998516761,89.02267488336939,1.1156375951082051,1547.9576394215806,MOTOR_OVERHEAT
11.595851079468488,58.29354894808094,1.2879906208766114,1298.9860390385343,MOTOR_OVERLOAD
5.363222968773652,54.01042937109324,2.9256851265439447,1573.8286399312942,BEARING_FAULT
7.214951891039997,74.9637476631425,2.1111787218826734,1373.013058786387,MOTOR_OVERHEAT
5.714979594733128,85.76089230010548,1.864262981337414,1507.011638338686,MOTOR_OVERHEAT
5.094229140467207,49.12078161261093,1.0382087426969457,1509.5659713853383,NORMAL
4.972047637796396,45.94227948255958,1.1716727260561823,1522.5143168072957,NORMAL
12.690147212391553,54.677409076983025,2.087690326728865,1461.1276831481368,MOTOR_OVERLOAD
7.243406841278263,82.04138650644967,1.523744136562731,1442.4456262630517,MOTOR_OVERHEAT
4.974799800296179,44.26029358772695,5.4178806663219135,1698.791735331749,BEARING_FAULT
7.091801018931008,91.04481855411817,1.141764807391355,1611.1015506746994,MOTOR_OVERHEAT
10.522958849289395,48.09084402856385,0.8986082361983665,1271.5893438833266,MOTOR_OVERLOAD
5.896248033365946,48.78116438302078,3.6544160284387965,1479.009322654247,BEARING_FAULT
4.414424710331057,52.61162984909667,0.9471360823114072,1490.7149723801856,NORMAL
6.118616193858618,48.56001554500437,4.310675083482829,1645.9837661481017,BEARING_FAULT
5.357333618520674,47.99110231144779,6.456626275879104,1516.0620531609695,BEARING_FAULT
11.413455173493615,55.11135986265695,1.5961137334611664,1394.5138024753053,MOTOR_OVERLOAD
5.171495683761526,46.66988783496806,0.8879773189528353,1515.2009319619444,NORMAL
3.963607746084591,48.36088065077679,1.0634159425144802,1467.4810390143928,NORMAL
4.786867625940178,56.99997892953391,1.9740180649944934,1219.2300482444518,BEARING_FAULT
11.563595446418535,57.89290817024565,1.5578056354728784,1255.539989938539,MOTOR_OVERLOAD
4.885268318808774,52.282251702071164,4.070884046004275,1392.3992073482789,BEARING_FAULT
5.496792906078236,47.26184167667637,1.1488362124266358,1543.4981848059385,NORMAL
13.204585646762817,58.87742234179304,2.2382932155844033,1412.3038144428963,MOTOR_OVERLOAD
4.6082503132011725,45.6482382362515,1.1318548432874285,1452.386260473265,NORMAL
4.983210526081869,38.49566204549394,1.1189225506621203,1511.85532080467,NORMAL
6.9522307491459125,88.0273243382789,1.6840900893742337,1429.5447659883862,MOTOR_OVERHEAT
10.797269589451377,65.72302145504852,1.3291699566868531,1327.0670099064998,MOTOR_OVERLOAD
5.4014828759251,56.52296253729987,2.048556791355412,1327.1385508205326,BEARING_FAULT
5.958086849738593,54.461542438647726,4.22948118079994,1645.3246409568815,BEARING_FAULT
4.887469042578155,56.09850228527968,2.353613539111059,1340.3862335571152,BEARING_FAULT
5.0454279727741005,47.92971123905135,0.906508169815084,1469.7783712503788,NORMAL
8.139524015747423,82.42339023499403,1.145137048680865,1480.4694876549677,MOTOR_OVERHEAT
5.314736576849555,63.14618558945613,2.280904223651547,1467.310012907974,BEARING_FAULT
6.081925371018855,73.22050181192434,1.5488774399953043,1408.1015154950076,MOTOR_OVERHEAT
9.03849965242259,51.45604015378429,2.4200343743657307,1355.6165858566674,MOTOR_OVERLOAD
7.486739120064973,48.66752643890209,3.694517026682976,1603.9591441152977,BEARING_FAULT
5.324678966482719,50.432484383469045,0.7307521087436013,1532.2440086720055,NORMAL
10.258134676757589,59.08575974452679,1.0348135812120987,1392.7991792861105,MOTOR_OVERLOAD
5.280505605351228,40.81982516165479,1.4770656416865338,1539.4898941193364,NORMAL
12.67863062727654,63.42026259088483,1.4908478151517883,1494.6484326838456,MOTOR_OVERLOAD
5.574231890112833,57.81068849226415,4.628527037846632,1277.1708329686135,BEARING_FAULT
4.733094619463452,43.51686964607523,2.594310406628864,1241.401487729488,BEARING_FAULT
4.989919305497427,48.024992654519224,1.3566352343061623,1489.1841377678656,NORMAL
3.9776042824337745,47.171432897910385,0.9002672396980689,1470.9656711725145,NORMAL
5.64266366981059,46.93397530050335,1.1027752807911297,1560.3624294640929,BEARING_FAULT
4.954298984124342,60.902647805216006,4.910718509726378,1446.0034469810194,BEARING_FAULT
11.151960582729895,64.97040874008819,1.3132986065378647,1391.2415272314347,MOTOR_OVERLOAD
5.275631463029967,46.8488499560425,1.0926397830544496,1458.1163311693417,NORMAL
11.22309226388041,67.01269088796768,1.3648367234235363,1453.3636438066922,MOTOR_OVERLOAD
6.068840755194472,79.62870964591036,0.8013065232665599,1487.2578676421635,MOTOR_OVERHEAT
3.563443817059717,41.2789412509198,1.1843320368677424,1534.5236981444364,NORMAL
9.424370084977179,53.776723953701214,1.2886746657390933,1476.9884569067492,MOTOR_OVERLOAD
4.253476472683478,44.99774761150817,0.42533045065930175,1506.3638496875603,NORMAL
4.595546834594922,49.51155359563654,3.2931081169260317,1453.5225500023412,BEARING_FAULT
5.615502105731143,42.74611429829972,1.1720087410518836,1533.5680542060904,NORMAL
5.474241494877914,55.09049323739682,3.3394097799884532,1570.9483639043292,BEARING_FAULT
7.463768811519026,55.521340283219715,1.3176751339838344,1179.988120639588,MOTOR_OVERLOAD
7.364388942678931,86.09730714016489,1.1407353061310344,1440.5026365624337,MOTOR_OVERHEAT
7.056177755731012,91.6815696893471,0.9810708903923248,1407.0618322240791,MOTOR_OVERHEAT
9.494167795982971,62.293228310223995,1.2804054047756193,1416.535205799682,MOTOR_OVERLOAD
6.592726205223953,81.46071108171022,1.7679944365774682,1361.774007771795,MOTOR_OVERHEAT
6.640862497770145,59.65047266746709,5.348620827928831,1534.0739057647536,BEARING_FAULT
4.878251609122671,38.63194799103418,0.9830676709338678,1501.7049009231482,NORMAL
10.154187985171312,59.45810536808916,1.1890586952275923,1612.5447593176,MOTOR_OVERLOAD
12.690414714818449,62.819885341745604,0.7745487563983348,1415.5524701552454,MOTOR_OVERLOAD
9.92621383432815,62.168131134383245,0.7512897768836128,1195.2066746958003,MOTOR_OVERLOAD
6.041418235828782,44.800779498071364,6.713165007845755,1406.077246634433,BEARING_FAULT
9.967321823593679,61.363169651637065,1.196671857091553,1410.7147795006924,MOTOR_OVERLOAD
4.692654362557078,42.9985556904124,1.1978452642755688,1450.819704105616,NORMAL
3.7562099384052248,46.83882382005995,0.6433359539207185,1444.753442740369,NORMAL
4.597098437906688,65.19346288425676,0.49202853251890555,1483.508765383498,MOTOR_OVERHEAT
5.626041149877118,87.446690873268,1.4044141432393642,1493.5344098337143,MOTOR_OVERHEAT
5.558943807724546,54.829696368303566,1.843794774471617,1464.9576214355768,NORMAL
6.118198835622822,85.56757179088102,0.9608569321333166,1489.5958946035537,MOTOR_OVERHEAT
4.829069560170455,50.47162980288388,1.33299089293171,1455.7665927139153,NORMAL
4.5117363630512735,46.94064445018295,0.8809258476286626,1514.2851470508529,NORMAL
5.2572538630769685,44.95744529352723,0.4778491032916553,1527.6036566070159,NORMAL
6.094801281943659,46.17921748346884,4.861694649763342,1527.3484069160208,BEARING_FAULT
5.0228692732712545,48.267800806218276,3.9101415828960775,1639.4536865171535,BEARING_FAULT
7.253603155437145,46.30298039982743,6.8276401812331535,1550.5156137605738,BEARING_FAULT
10.883841698551697,47.151023718437564,1.6804660683115709,1398.2181377092427,MOTOR_OVERLOAD
4.044886883687317,56.86008586516539,2.336745099560608,1376.8876333544297,BEARING_FAULT
10.937123026737842,59.13853936697591,0.8642967519446794,1378.6728509092316,MOTOR_OVERLOAD
9.427112532758612,62.731666715591324,1.1061423241537174,1433.6160405490602,MOTOR_OVERLOAD
5.049801734946414,48.79057234180445,6.840273959816796,1215.403357489061,BEARING_FAULT
5.676811314409582,39.40925534752638,1.3869789095854723,1527.8564756329108,NORMAL
9.393639506233221,70.35859539603844,1.9844406241451482,1523.524643840042,MOTOR_OVERLOAD
5.470906421964881,44.642718389197064,1.2073187697600631,1519.5153336807828,NORMAL
5.74563972669199,55.32589180811226,5.343201821934095,1490.8517087137056,BEARING_FAULT
12.129818097241797,47.08745338525649,1.1772526749758807,1468.3394388254792,MOTOR_OVERLOAD
6.44578454133668,76.8217465959898,0.8102269955221479,1495.9201699213093,MOTOR_OVERHEAT
11.53956724835616,59.47766854896315,1.5512597111031254,1382.3684405203107,MOTOR_OVERLOAD
7.897328062469494,71.15969769235286,1.4521553928575353,1541.9435734906415,MOTOR_OVERHEAT
5.060636294859707,53.809686182408996,5.516774450166995,1446.0574063686834,BEARING_FAULT
6.386530045609926,89.0093593989327,1.6607218704216313,1527.5782530987035,MOTOR_OVERHEAT
10.718001347724801,61.12432539221043,1.5100288163448268,1202.5175900342692,MOTOR_OVERLOAD
5.822523680924464,41.82926876246114,6.640628205480896,1636.1836786089477,BEARING_FAULT
4.789428570669213,47.425164624434835,1.311810713475566,1518.211937536663,NORMAL
8.66793489038022,62.50120674967791,1.549819370355345,1454.9493569067886,MOTOR_OVERLOAD
5.902998241478953,77.72507059537905,1.2097583645250047,1373.1548682776822,MOTOR_OVERHEAT
4.462048774848455,52.470534118636216,6.639320094048438,1831.7150159128146,BEARING_FAULT
7.998971662440872,87.88316082273711,1.1145171789034465,1546.792486035331,MOTOR_OVERHEAT
8.687926996869377,75.71059370346944,1.1114925356923657,1402.3816526416067,MOTOR_OVERHEAT
10.190317545480559,60.4138923481397,1.5038603052825121,1424.6810691690632,MOTOR_OVERLOAD
7.031174443683855,99.12677389729048,0.8436206327396316,1509.267078745133,MOTOR_OVERHEAT
6.816804261590229,48.527925397208406,4.515314974384229,1479.2574970292617,BEARING_FAULT
6.27227303385125,50.67084891740606,5.417974045325784,1521.3043875496303,BEARING_FAULT
3.935022764214723,40.72962492382045,1.3114869786951457,1555.8436627697897,NORMAL
9.154609778602135,48.99364339827091,1.5642691652009004,1449.78362448467,MOTOR_OVERLOAD
6.166200614687969,87.90667945793135,0.5599800563819082,1594.2080565175334,MOTOR_OVERHEAT
8.758831496421832,71.72470000391888,1.195074189767602,1483.8611501112648,MOTOR_OVERLOAD
9.787054295191167,67.87895845290299,1.4755266093446786,1280.4675754760267,MOTOR_OVERLOAD
6.231610989167534,35.34356859587585,0.7091804266784139,1496.3872395897947,NORMAL
5.492317085250451,44.18372193980626,1.0843519496930438,1471.4781167323474,NORMAL
5.651172202667546,42.534827647231566,1.24459482165149,1451.5052682776109,NORMAL
7.305244629728022,77.57515245637723,0.5580828720134462,1478.7746932110267,MOTOR_OVERHEAT
14.358247499621637,60.570897571935,1.5426932709646906,1383.3742249023699,MOTOR_OVERLOAD
7.227169249680283,91.533310146048,0.8955453871037216,1439.1269425844691,MOTOR_OVERHEAT
4.538311392930799,56.470801619585764,5.495640738876187,1423.7739244062484,BEARING_FAULT
11.784492992370993,65.68738338257543,1.3004188744330147,1334.9802431163407,MOTOR_OVERLOAD
8.002355471275994,92.93951921116093,1.3080976954063175,1469.945509735347,MOTOR_OVERHEAT
4.567065179874292,51.147862615670576,1.1249104444416866,1543.2580187851413,NORMAL
6.468660892344564,86.14962497518725,1.0319037399814528,1478.256721826473,MOTOR_OVERHEAT
5.131927263884893,48.90089705383007,4.37126029239115,1293.6335019908913,BEARING_FAULT
5.568281774094676,52.93836610301176,5.213025064910738,1543.9660129092354,BEARING_FAULT
9.556054287371072,45.23741473830483,1.6106262206846302,1365.9771842241512,MOTOR_OVERLOAD
5.213756167906791,48.13172360806633,3.3423353217103244,1507.1221771542205,BEARING_FAULT
6.850587886863175,72.49206644589955,1.2224745751864579,1451.036081365565,MOTOR_OVERHEAT
6.274276806980365,74.2266408460452,1.3946097561658544,1443.50394551725,MOTOR_OVERHEAT
5.127119202647355,50.63727752419536,5.172890880074903,1715.0942857233033,BEARING_FAULT
5.502526178190805,41.871536967435986,4.025927263785759,1671.8448601547727,BEARING_FAULT
8.583598244099669,87.71147833596092,1.5597054213014876,1406.9513888282736,MOTOR_OVERHEAT
7.775478985774511,91.08509682178196,1.2489512032658021,1467.1167478839482,MOTOR_OVERHEAT
4.4246704395026,43.90459797781505,0.8019099651934033,1542.2875708096547,NORMAL
5.957710607917207,45.07889061565578,4.261114094427042,1592.87508093881,BEARING_FAULT
11.051266573586862,60.27851313099218,1.049798139241696,1375.990792561199,MOTOR_OVERLOAD
5.388484345025409,62.632993208074396,1.029180447519367,1395.1280609233581,MOTOR_OVERHEAT
4.827569983070495,47.26475103429933,1.083186859363254,1441.889698129514,NORMAL
12.461986536050304,56.80087562739325,0.8487413051631731,1308.4319809770545,MOTOR_OVERLOAD
9.701452728677353,60.033631134772406,1.341382865957479,1384.5429583393445,MOTOR_OVERLOAD
5.56132827527909,40.58404545851335,1.6631922632179719,1498.3281108849794,NORMAL
6.8426161211946965,51.43648422041284,5.075362565029066,1432.6188853812646,BEARING_FAULT
4.499978716430356,42.1015557939291,0.6060496845400188,1443.494359095951,NORMAL
7.0651280405088315,87.5273299463978,1.2000311608372733,1499.1298530622523,MOTOR_OVERHEAT
10.658798558588995,50.056047431619334,1.1195995082212824,1371.6918383304119,MOTOR_OVERLOAD
7.442555141510229,81.74028692602137,1.4765289493559999,1508.59277855432,MOTOR_OVERHEAT
5.5937503607569115,39.05977808349026,1.6703158738593045,1545.4109892661274,NORMAL
7.004813430404083,93.75251877161898,1.1183561270416016,1420.1450553814104,MOTOR_OVERHEAT
5.768111959425964,44.272555433091085,3.832743058999,1426.735037215169,BEARING_FAULT
5.47037492764259,99.56817421008225,1.2945978485323875,1432.3445593240438,MOTOR_OVERHEAT
9.644776194164239,43.87269631424864,1.1320862489932737,1383.6382768661442,MOTOR_OVERLOAD
5.705489634325699,40.4550045569447,5.00702104355751,1572.2821085481382,BEARING_FAULT
11.620771078718358,68.62478633036538,0.956887999203261,1484.098077898074,MOTOR_OVERLOAD
5.510194692163247,51.10059173088683,5.539527494335815,1395.6446448154632,BEARING_FAULT
5.355099640598249,54.270688919886894,3.0667274489489147,1261.2649219023556,BEARING_FAULT
5.281046206579709,48.32800298076373,5.123021497423347,1544.6783791122527,BEARING_FAULT
6.578336459953126,69.52682890396058,1.55448320397126,1461.8489431711462,MOTOR_OVERHEAT
5.106437668782164,37.960737169218135,0.7148391378442773,1576.6173876629143,NORMAL
12.29872550476973,56.36342771397374,1.0852523468516804,1608.8882142710272,MOTOR_OVERLOAD
7.255269157570397,79.24917492354595,1.3455927395631568,1494.5971279183236,MOTOR_OVERHEAT
7.293219911309068,46.53492837767573,5.313486673067057,1484.1686950183316,BEARING_FAULT
5.059822598850568,56.35650558108842,2.7371640513143762,1306.8246158107843,BEARING_FAULT
11.850455989375584,56.413937816405976,0.2174649882319668,1350.2882582620773,MOTOR_OVERLOAD
13.75534275474352,60.325754629088486,1.8757343084845506,1405.1654379509912,MOTOR_OVERLOAD
7.850147021412316,47.55522141192236,0.2570537883726065,1449.5294388011002,MOTOR_OVERLOAD
3.9993727071382756,47.339759315327974,4.752822856162862,1518.9660700666782,BEARING_FAULT
4.756700322292639,96.75474641422274,1.2990846217722531,1454.4610900042085,MOTOR_OVERHEAT
3.94596693051285,40.37014147106631,0.8477798270798724,1482.344707505362,NORMAL
4.952169073456161,45.72145577210559,1.2456291851042325,1468.6343082611836,NORMAL
6.679562373772906,75.69567607739951,1.057597419905853,1507.7305373650127,MOTOR_OVERHEAT
5.230843278133084,47.04048748058263,4.682631458126286,1207.7951070956801,BEARING_FAULT
11.543889499544898,57.50445122952904,1.2695217311904203,1384.5849899130537,MOTOR_OVERLOAD
4.775363250751217,47.73399176988624,5.1618887554520745,1631.7593638168014,BEARING_FAULT
6.339920030921981,80.99250576813156,1.0117063254954681,1493.5671763087362,MOTOR_OVERHEAT
10.855679775607701,64.74959701422786,1.0106661361871072,1367.4393876544457,MOTOR_OVERLOAD
4.907282310758719,47.464538672008956,0.9790603642713587,1469.51216275851,NORMAL
4.551370229105866,54.7633779253014,3.853440800820902,1525.5435580040971,BEARING_FAULT
4.147510077539195,54.5164424272364,5.357135085232155,1304.2835024919293,BEARING_FAULT
10.562339421270382,58.193892827125445,1.2597964652743205,1389.7044609164238,MOTOR_OVERLOAD
12.539284502160296,62.261649258827056,0.8707999383606584,1469.4454318756675,MOTOR_OVERLOAD
6.711858625248792,56.45265722609801,4.4062259978270735,1629.0585248465654,BEARING_FAULT
3.894211412472774,86.89816407785743,1.2080256226986643,1454.8614098009866,MOTOR_OVERHEAT
6.527688621076073,98.86884418305347,1.518937780344346,1434.3184820045574,MOTOR_OVERHEAT
11.591899132055811,54.284096052260814,1.514726982639147,1283.1218714115887,MOTOR_OVERLOAD
4.368260893577631,35.07716596006183,0.8520334463482269,1520.6383390707138,NORMAL
5.073486921126192,92.5332251756154,0.9198724036178407,1619.5715281788566,MOTOR_OVERHEAT
6.545557821113595,63.41956165860192,1.2404411603435372,1432.1624390245363,MOTOR_OVERHEAT
5.144995831892503,51.31107281972754,0.42586607955132216,1429.002278216851,NORMAL
5.656714267974069,57.082943647472106,3.380531524298708,1128.8674944045579,BEARING_FAULT
4.395264230225873,42.75277382589764,0.7967465362924699,1458.9440618353922,NORMAL
5.729133827904622,91.89677736481643,0.8499285300049786,1499.7425072686556,MOTOR_OVERHEAT
7.422455733236207,71.20140824168942,1.071653186249223,1506.0342491835763,MOTOR_OVERHEAT
11.528693745783071,54.99022866176858,1.730254160511545,1354.9019879281764,MOTOR_OVERLOAD
11.385175672270785,51.270603632334044,1.0096733221067105,1356.7281847789761,MOTOR_OVERLOAD
6.154048369833456,99.155365398479,0.8657750416050356,1469.3003465922409,MOTOR_OVERHEAT
4.991364364308458,48.17965203748273,3.2782200779964707,1436.1896882921374,BEARING_FAULT
12.035835977411379,50.726739857519405,1.1727174111469663,1384.3277140005619,MOTOR_OVERLOAD
6.5005302075330995,84.67879734105179,0.7701394344073134,1497.9933450844358,MOTOR_OVERHEAT
11.59865480794738,64.57092448787559,0.8211782578307054,1441.7862034283678,MOTOR_OVERLOAD
6.39045459376805,66.04669367008772,1.768026561687862,1347.880393398458,MOTOR_OVERLOAD
5.159886291212982,51.134505079813984,3.259363580791364,1534.52114244587,BEARING_FAULT
12.793976267572653,57.38026950976867,0.760529737450417,1401.1738533735283,MOTOR_OVERLOAD
6.0066622854000284,88.07194171644801,1.0089407456689992,1595.5127846655553,MOTOR_OVERHEAT
3.8041637773675063,44.96482124205772,0.2883413415809457,1519.7372795273477,NORMAL
4.456712566783963,49.967839987255246,1.463047856804366,1523.6528291540994,NORMAL
11.450922210146805,62.441338381634125,1.7852493001861869,1309.74314354354,MOTOR_OVERLOAD
11.79324124007692,51.48078984259425,1.2188922577344727,1515.5580239498474,MOTOR_OVERLOAD
4.822057427879175,52.34490335892008,1.109899880095013,1534.5260295481655,NORMAL
9.880707869664427,52.26102511854182,0.8193922136325115,1360.927067514757,MOTOR_OVERLOAD
11.899376779685566,56.567897661619135,1.204926544637888,1493.6397674741404,MOTOR_OVERLOAD
6.116585653962337,56.241942879990354,4.525567869372688,1501.6716215087579,BEARING_FAULT
6.781009255486812,76.46607307506675,1.1538763619657761,1444.4668501651179,MOTOR_OVERHEAT
5.4705088776183795,51.84300106479497,3.7488645461916335,1491.5228430538345,BEARING_FAULT
5.2896582049155105,46.59288847059378,6.617089292281398,1357.422382487228,BEARING_FAULT
4.8204411776688465,42.524213789634544,0.8819087586108867,1474.7273724366887,NORMAL
4.882226635378461,56.46311205169672,4.982638699195838,1475.4223865249444,BEARING_FAULT
5.078164712883732,45.00535938701795,1.0997596939292922,1606.8705351902674,NORMAL
7.603453204712511,83.72347328488047,1.5532887123295296,1531.1905694970408,MOTOR_OVERHEAT
4.385901504426881,46.801269112175255,1.1665437045834492,1513.3419604654482,NORMAL
11.884775369472909,53.64763445423056,1.291316616044919,1373.864592913044,MOTOR_OVERLOAD
4.821605982381419,47.19251351856879,1.5120302921256918,1444.246593918615,NORMAL
10.760580998718991,66.55324823422612,0.9468112375544102,1386.222388952472,MOTOR_OVERLOAD
5.452366954935824,49.30944656618429,3.3221419218665327,1580.6590876172095,BEARING_FAULT
7.087917945913622,82.16733191233776,1.2664041627195228,1481.807861755098,MOTOR_OVERHEAT
4.372730727573207,57.47982979910866,3.420111948947094,1240.8652461174674,BEARING_FAULT
6.346726209537767,94.21507963497938,0.6812861821973353,1413.4750440158439,MOTOR_OVERHEAT
10.918887235943137,61.79703479410965,1.5566842596055415,1468.1190501531096,MOTOR_OVERLOAD
6.040787851483163,46.51876335277357,5.119282245209642,1354.876908985586,BEARING_FAULT
5.507607787010496,49.62057495497139,5.080319178312625,1681.1935707724251,BEARING_FAULT
6.429561369610444,48.95412745140585,1.4697338593609763,1458.1116495969186,NORMAL
4.473883533099447,50.107923328792175,1.3688127152950313,1544.546388269652,NORMAL
8.68627308829766,51.73989889829611,1.5454342064045505,1461.3870958176458,MOTOR_OVERLOAD
5.400329291991191,75.03718822952538,1.2070902297714299,1585.340435813939,MOTOR_OVERHEAT
10.745986239467952,58.07416679143156,1.025228600055313,1302.9117777488686,MOTOR_OVERLOAD
7.031383408470553,85.82364223293781,1.9555183044152997,1649.75314973251,MOTOR_OVERHEAT
3.859493783714769,46.84816176626422,7.423673565641749,1497.543099085875,BEARING_FAULT
7.921321273356053,41.20948706177643,3.209581651659807,1330.1999643839447,BEARING_FAULT
5.495423855862434,57.49090315088246,5.35320590296371,1561.924785023936,BEARING_FAULT
5.484433338094513,80.53099554912012,1.4500278608709085,1549.0955023794188,MOTOR_OVERHEAT
4.532310561964748,48.512234315632796,1.0321315090028416,1529.3163422975015,NORMAL
5.688806502736139,41.47778441803669,3.631104525750215,1412.1513915112994,BEARING_FAULT
9.201484411227483,58.13488177692242,1.2455201164864087,1354.9774076254632,MOTOR_OVERLOAD
6.646095785732398,86.8365225102211,1.0227330097901968,1549.4901978927983,MOTOR_OVERHEAT
5.39074094409549,82.24921795117912,0.9788045248702881,1472.3494924571105,MOTOR_OVERHEAT
5.641082933593423,52.65181923092701,0.6444446258403047,1486.193725310284,NORMAL
12.451325623986703,54.93735490655632,0.6955109254016381,1439.0563711786858,MOTOR_OVERLOAD
6.735310400965318,50.46764641971604,3.363689212731737,1696.1272624333806,BEARING_FAULT
10.83206474865253,64.79389565528408,1.8892897382557883,1445.4323450795628,MOTOR_OVERLOAD
5.311620960542328,81.1554493700802,1.4908949523370563,1523.4561603230648,MOTOR_OVERHEAT
7.131909666557924,89.57806748104537,0.6948578143143369,1460.4318934177027,MOTOR_OVERHEAT
13.434460172944071,63.55386772836456,1.8940625379751412,1452.0591542125783,MOTOR_OVERLOAD
5.378772935503124,44.183725662244605,0.6325885667048379,1462.6304374340816,NORMAL
6.887276056264546,70.65671208866863,1.3456375018992994,1441.7143319395586,MOTOR_OVERHEAT
6.881579202533933,58.91380223528392,1.90641004981981,1295.4669947634998,MOTOR_OVERLOAD
5.298296446432259,38.62882296111389,0.9215314296800795,1530.8279512837905,NORMAL
10.707493433518371,61.60447097730855,1.8973206248503023,1420.5238577483333,MOTOR_OVERLOAD
7.728291156933126,85.70919235604929,1.4370401706236244,1518.3473414592027,MOTOR_OVERHEAT
4.607430033987467,40.010730121223325,1.2986617984488047,1488.6360397855688,NORMAL
9.982475181738284,59.61511473296595,0.6044051091200358,1497.9517183943021,MOTOR_OVERLOAD
7.918070554124764,92.22409168375594,1.3937137654858511,1538.210657908522,MOTOR_OVERHEAT
5.206762942850214,43.78229294857333,1.2622833036757193,1491.1737570703488,NORMAL
4.724794829036401,45.161026008001855,0.7677742345053851,1582.5557814262668,NORMAL
5.1279839270632195,42.43038391628866,4.519895622248949,1585.8052062469862,BEARING_FAULT
11.272147096925544,56.22831716367969,1.9571392675412733,1526.3202489271912,MOTOR_OVERLOAD
4.674184572276938,52.712063705954094,4.759748452144362,1643.1509253138688,BEARING_FAULT
5.589643706613835,50.8918142887583,0.7571638812708017,1489.4609099928387,NORMAL
6.049043173479882,76.97843702161933,1.1001456431643577,1520.289971710015,MOTOR_OVERHEAT
10.327905898786629,61.606623664120086,0.8624611434810247,1394.7281569752893,MOTOR_OVERLOAD
4.1257065080866,45.43859101829604,1.3476848747130699,1463.8586221369492,NORMAL
10.159509150755348,57.51760963656476,0.9058487983720478,1444.4991307978623,MOTOR_OVERLOAD
4.8656847098717,44.82225532918258,1.0278038338087012,1557.0793906890588,NORMAL
5.540110738411978,41.23911516429713,1.3400706108626874,1555.251160622357,NORMAL
5.319385511332009,36.279159742042104,1.1695460136429308,1529.4293344112066,NORMAL
12.932099105393277,51.67094599408856,1.466266387973247,1257.0704943896258,MOTOR_OVERLOAD
5.6503589648641155,95.37602859553255,0.9151478779518887,1573.2741671158742,MOTOR_OVERHEAT
4.803396143382823,34.39316666032319,0.7400751584021683,1540.6790819295143,NORMAL
7.763483344182314,79.85186876532075,0.7633615387909343,1525.7985505301497,MOTOR_OVERHEAT
4.947273954550628,40.35226237447965,1.4264880934246624,1518.789093589402,NORMAL
5.333920065650758,42.10262992236719,0.9675299985031081,1452.612614253507,NORMAL
5.219726019260929,45.07829116893114,7.475284142585787,1360.6736021327695,BEARING_FAULT
7.099658874220358,92.50296910058411,0.9049640469539381,1375.8014732540055,MOTOR_OVERHEAT
5.438464814683186,48.86986509170004,1.1550108455945398,1511.356240047019,NORMAL
5.317520834125409,51.353659294802306,5.773995807697308,1274.2581828499165,BEARING_FAULT
6.45122688707215,40.23297737135313,4.073825166185915,1499.9083162347954,BEARING_FAULT
7.1588939215120675,54.668644334978765,1.2311259354819504,1416.7746107447158,MOTOR_OVERLOAD
3.3962993401382375,44.09418166182345,1.7481781017183968,1454.9910595848066,NORMAL
4.12922124651816,55.09519662640141,3.8399170688233903,1507.1843947867076,BEARING_FAULT
4.39095925656271,42.37451642580756,0.5142784539645506,1492.8816977701727,NORMAL
5.430462450378285,56.65466879165739,5.7068359094031464,1398.9598493647509,BEARING_FAULT
5.6164052421052935,42.47225014974947,4.105221249897596,1449.442050236816,BEARING_FAULT
6.703200338100642,75.87643373058789,0.7369720699838866,1504.0091778332026,MOTOR_OVERHEAT
5.070011485484437,41.95070616788939,0.5862552245954236,1508.0340118910372,NORMAL
5.641593124054388,44.81306999673898,6.708918962681754,1235.854164587071,BEARING_FAULT
11.537528976521054,54.2029392708873,1.2495697854520362,1453.6177165593274,MOTOR_OVERLOAD
5.537110989183011,42.50158636713928,1.074674079602509,1552.885435763139,NORMAL
5.356284222025711,79.93289141620916,1.2240812689932725,1424.1861957223252,MOTOR_OVERHEAT
5.662807529241518,37.42731535504758,0.764722447325446,1512.508503170992,NORMAL
8.975418139597942,81.47041507313442,0.6952674509415437,1502.5973790807695,MOTOR_OVERHEAT
11.864433787577315,59.965603505626774,0.7694605327802622,1481.252982670853,MOTOR_OVERLOAD
4.878750052766358,37.18873787980701,0.8097007019423363,1510.701611445062,NORMAL
5.494251879125709,53.85661046316764,0.8997637799859075,1449.8677895061935,NORMAL
5.32905675249788,47.918862695134834,0.45711490932483123,1519.6242760982354,NORMAL
7.512856208148551,72.22769754066965,1.2252331802939143,1461.1625650098247,MOTOR_OVERHEAT
6.172596293539176,48.99915815467898,4.724837089261518,1315.7909716557808,BEARING_FAULT
6.803764075517191,101.85128005032355,1.4098309465230165,1514.9054981812576,MOTOR_OVERHEAT
4.553847062712461,40.492048359196545,1.3358191485995141,1501.2002615412375,NORMAL
4.492603380339592,45.36297025500869,0.8186204151461378,1462.2736030252245,NORMAL
5.260859644679972,48.09797881546149,1.0995986480370803,1474.1016228608191,NORMAL
8.258054695313463,88.97212501259321,1.5101179734312418,1513.0976837254204,MOTOR_OVERHEAT
6.980925867727911,84.48391184731733,1.0257332210777852,1520.4200162673242,MOTOR_OVERHEAT
11.386543581914832,52.710233905142196,1.2809131927318278,1318.1627867022078,MOTOR_OVERLOAD
5.801711660007302,45.11769430233989,0.7552520056046702,1513.585670668534,NORMAL
8.003201414030688,87.1323849363547,0.7185731963052273,1496.7039079523693,MOTOR_OVERHEAT
7.0691364418675215,88.64519831171751,1.5282270384837682,1457.936602751464,MOTOR_OVERHEAT
6.1261973811870245,88.69220116402892,0.9939486628464611,1472.2586727631713,MOTOR_OVERHEAT
7.059969838964924,43.75473123899795,7.130619002587549,1384.9315307489635,BEARING_FAULT
12.808509717787933,55.91541297708283,1.1584679849730348,1513.386670674748,MOTOR_OVERLOAD
5.103019884224825,80.5961656409822,1.0747481260278617,1405.3250240391128,MOTOR_OVERHEAT
7.21129468479365,85.53875068276369,1.976349488149244,1550.4211630447357,MOTOR_OVERHEAT
5.0915375072614815,43.243784359580246,1.3424442304309654,1511.0937671888087,NORMAL
4.328278474837684,45.150092929358394,0.620670891646836,1509.880268299367,NORMAL
10.000976279059405,66.70514007845895,1.3255536902013327,1358.0097193486367,MOTOR_OVERLOAD
4.117516223298406,44.340248898415126,0.7603582765321054,1478.9397321393553,NORMAL
10.60643280393475,60.41419209051893,1.039236364792072,1477.6046872166082,MOTOR_OVERLOAD
6.353986573011689,57.35884627747767,5.551897899279298,1503.9148632849126,BEARING_FAULT
5.490065520320474,38.99732238887265,1.3698591229927028,1474.6698319090563,NORMAL
6.119808588316108,51.818924728249776,4.914603659388387,1297.3666871472267,BEARING_FAULT
4.6668036687085905,43.21136937068022,0.941506034164064,1564.4764190986996,NORMAL
8.223410756938298,76.8800739221473,1.4172791037015893,1449.1665922635425,MOTOR_OVERHEAT
4.392475094712784,39.25895659831182,4.1238636126466774,1839.854221718583,BEARING_FAULT
5.501072148856812,89.29575985548118,1.1291761840890813,1397.4831072058794,MOTOR_OVERHEAT
5.204474844801264,40.792450908406344,0.8373988289422087,1497.3981730912476,NORMAL
4.83491464926399,45.59936965594912,0.8521420693313322,1482.3323282330803,NORMAL
6.17637475915151,98.19984166049912,1.5578137483257684,1452.3045400512437,MOTOR_OVERHEAT
5.751035005139117,42.84875461457144,1.2986904418353498,1505.470964692668,NORMAL
12.92200078469678,72.56483226602566,1.076319010509712,1431.090021931556,MOTOR_OVERLOAD
5.286603325590798,78.77124854646947,1.0293831484477691,1474.3666896466896,MOTOR_OVERHEAT
7.4329190558738,62.27841569110952,0.7212217914297595,1377.6057739037717,MOTOR_OVERLOAD
6.49177837148414,41.14208820525714,6.261655834339275,1656.2297208562372,BEARING_FAULT
4.847973458631191,50.45540129973076,0.9863325619736377,1489.3441169922996,NORMAL
8.606064260590674,65.19502281206324,1.2956545013207217,1311.8868631055373,MOTOR_OVERLOAD
6.022374696645426,80.08888044711506,1.3917489622324486,1513.8750467989955,MOTOR_OVERHEAT
4.995542086741424,53.8062437317343,6.455250207363159,1444.4484069267887,BEARING_FAULT
11.487277487766567,64.88426609079886,2.0325201282309604,1451.9236903164547,MOTOR_OVERLOAD
7.445080852617977,83.91813676169151,0.9550078104462703,1499.2368836311011,MOTOR_OVERHEAT
6.102432005292512,50.913115742864235,1.358901845611074,1487.2530763769278,NORMAL
4.607127382742366,40.40318401124682,0.7447541132851921,1542.5683795543202,NORMAL
5.569699857360684,93.0580188366568,1.636998023265092,1531.378538617331,MOTOR_OVERHEAT
5.6294099169887275,54.02503741828138,3.7485150799038696,1257.3499383809221,BEARING_FAULT
5.866745735188426,40.47497670923091,4.945083053733865,1391.7597483712505,BEARING_FAULT
12.492433396349996,62.31172975234632,1.302216337116719,1422.0552586193637,MOTOR_OVERLOAD
8.440044040498583,56.875604674576095,1.041193351219416,1305.1940765357394,MOTOR_OVERLOAD
5.814751106615313,92.71515947943678,0.7346297122542962,1420.6787961961709,MOTOR_OVERHEAT
4.179104480452601,47.451861521898394,1.603277833720154,1485.7077975893274,NORMAL
5.03961841853673,42.997021024972334,1.1976392105098579,1483.1538806937137,NORMAL
5.046175860871191,48.567454723109044,3.3944426206441243,1526.202912469205,BEARING_FAULT
5.702748256080391,44.91100882060316,1.3420759842832841,1506.6206184806706,NORMAL
5.379188890256837,43.84049753810052,0.8658782224396406,1475.1196990439325,NORMAL
4.915978489765551,51.43004616576389,2.5978381104932473,1581.0349476450515,BEARING_FAULT
4.921348009587364,41.52722627743688,0.6945053402916226,1486.3641368221993,NORMAL
11.092415519284215,60.87881392030947,0.7842659210392194,1265.21097315927,MOTOR_OVERLOAD
7.0833470661646025,89.25557673617608,1.2031061699959364,1429.1258916535119,MOTOR_OVERHEAT
6.6333521415963155,80.43528339744825,1.0222090169654692,1383.398032363535,MOTOR_OVERHEAT
7.2200474104973145,86.98199581653296,1.1638612293386783,1452.7025651305635,MOTOR_OVERHEAT
6.910815589199456,83.84505774905377,1.3854616923599699,1370.6780889837448,MOTOR_OVERHEAT
5.923609407269361,48.49584189336079,4.256029765791213,1659.695536237606,BEARING_FAULT
6.537006730349447,49.10454519566316,4.793710571496144,1331.2887751056182,BEARING_FAULT
9.007407191805335,55.736585955422356,1.1190238641949133,1468.7811251836863,MOTOR_OVERLOAD
10.921081860416917,64.43520018826116,2.0793706216404586,1398.7376863701631,MOTOR_OVERLOAD
7.537989290020776,102.23033489816905,1.2174108377757407,1452.2340769199961,MOTOR_OVERHEAT
11.825517652107333,64.45423374895837,1.6964266763326,1295.2860418517212,MOTOR_OVERLOAD
13.834069319026032,47.060097138863256,1.7798217879303309,1284.3764041415095,MOTOR_OVERLOAD
11.880886492617261,65.51226138219198,1.8759772556402647,1406.277606254161,MOTOR_OVERLOAD
10.518530239424416,50.85656598332014,1.7257881843276714,1335.4309183486941,MOTOR_OVERLOAD
4.362551352884262,47.472762858661206,0.7292480480670125,1536.3663840885552,NORMAL
4.233237455408228,44.66059787335196,1.100512710261224,1531.0723079546058,NORMAL
5.321402949998941,79.7915155095706,1.0381088154078608,1461.9925607922255,MOTOR_OVERHEAT
6.531406787579844,76.52357515360251,1.8098891061698419,1486.5458826671193,MOTOR_OVERHEAT
5.163922413711274,46.93592917580611,1.2258616501446642,1562.4140371949784,NORMAL
5.522333365651836,46.562900104355585,1.192218733060876,1511.3376574297854,NORMAL
8.406393279886624,58.34958632350892,1.2052409763546825,1346.2139519881744,MOTOR_OVERLOAD
11.82068345815901,62.77213248275846,1.019509602947426,1414.8866314952238,MOTOR_OVERLOAD
10.291339681891364,56.49530479493336,1.4293896333969354,1292.2776629492687,MOTOR_OVERLOAD
11.255977912625077,53.89249786703287,1.685871757665447,1439.4073241315898,MOTOR_OVERLOAD
4.110688761534307,43.32460502429985,0.7296897912235144,1412.1926501391117,NORMAL
9.486274487949737,54.51208910820877,1.2454105152486588,1663.5083286694519,MOTOR_OVERLOAD
5.146462633387011,48.73055537196448,1.233960883756833,1507.333688559937,NORMAL
6.417148873332453,89.57564788530375,0.722618734918141,1558.324371807656,MOTOR_OVERHEAT
14.36275670001648,66.22446704484987,1.1675797874111677,1323.7990745525194,MOTOR_OVERLOAD
5.656306652220312,83.05276364833747,1.8196986631629435,1512.2316487588978,MOTOR_OVERHEAT
9.8470357925578,56.801981204962864,1.6201673431660857,1213.0606898914089,MOTOR_OVERLOAD
6.126106766769002,42.69341083106523,1.1737845913962799,1497.490132641253,NORMAL
5.111615699010143,81.28428831218616,0.9769558806220066,1444.224476978517,MOTOR_OVERHEAT
10.470355502873291,60.32497508688677,0.5203845724328302,1486.842890654496,MOTOR_OVERLOAD
9.008101229009839,49.11872403325114,1.045372269048066,1417.6949188272933,MOTOR_OVERLOAD
5.507950391506043,47.24909148765797,1.1864803939362913,1516.8129131910453,NORMAL
9.615252313957711,53.02867507939838,1.2959932419534803,1430.5570426787847,MOTOR_OVERLOAD
12.301663280789272,61.18951591445649,1.0406327500126376,1366.3793681839811,MOTOR_OVERLOAD
11.339162015066558,60.015074037314946,0.7733434285367959,1403.30929309447,MOTOR_OVERLOAD
9.786351099207637,59.514074988048684,1.8961766456402098,1467.7388995352853,MOTOR_OVERLOAD
6.304514806576731,82.44350525612816,1.3465770203542702,1565.274265955292,MOTOR_OVERHEAT
5.711642029126732,83.69692334782104,1.4441908136549293,1405.630924713818,MOTOR_OVERHEAT
6.904872286719075,95.88403281718995,1.5030325252264711,1505.0867257775847,MOTOR_OVERHEAT
10.80148148996377,56.10026316962885,1.5739818226620033,1250.225940730354,MOTOR_OVERLOAD
4.885217405071031,44.69057528071659,0.9411987106464953,1466.1871814008973,NORMAL
4.847193445231931,52.199857810755894,2.572673172251413,1526.3680579199138,BEARING_FAULT
5.131213158037408,41.56317592569772,0.7016994674514642,1485.0594401127662,NORMAL
10.859001838656823,53.93805791432702,0.8387938472269478,1393.15418561691,MOTOR_OVERLOAD
5.7081083260810805,50.936577615655835,2.01184037200957,1283.311861945185,BEARING_FAULT
5.663773226035933,47.53143165842923,0.6992872762701348,1522.5966912509166,NORMAL
5.830542786789452,93.53909576905268,0.9464249328192764,1456.676408947121,MOTOR_OVERHEAT
9.87195691630766,63.56335891413274,1.1740912200328033,1473.892332429513,MOTOR_OVERLOAD
11.75882759680304,54.61412057343255,1.637828343886592,1457.2581824859817,MOTOR_OVERLOAD
9.093126260131395,63.23499101285832,1.4493761412862278,1445.3085103256537,MOTOR_OVERLOAD
10.752733427630353,66.16540952486233,0.6610289515333752,1259.9827628123144,MOTOR_OVERLOAD
6.748317479604397,45.01518500648584,1.3777344548004207,1578.8878380777526,NORMAL
5.745642325636522,41.4233738677061,3.9001824029665757,1366.9600025125953,BEARING_FAULT
4.996627801884676,47.729843922374876,3.2016930616228096,1417.5927567337033,BEARING_FAULT
6.039386963245967,43.60990635122592,1.0784261238189905,1482.2439345432497,NORMAL
5.09325759660108,41.655771540616854,1.1825355209289037,1390.0225845584578,NORMAL
5.054520566541491,49.07763107463642,4.83869654612058,1471.2734762679409,BEARING_FAULT
5.137937823415545,92.92933614274656,1.2137503875496924,1483.3582152147253,MOTOR_OVERHEAT
5.362926773612002,60.02731252694661,2.892760108448945,1450.051283361741,BEARING_FAULT
5.351733398815567,49.528938288716994,1.1139062741841952,1506.820327440786,NORMAL
6.955059856913211,71.23175424385366,0.9474786234645038,1507.00080702757,MOTOR_OVERHEAT
10.901256816989116,63.53348764703162,1.4346828767025224,1348.4868630108977,MOTOR_OVERLOAD
10.284318646972878,52.92536323164463,0.6587999673886247,1507.5523977672194,MOTOR_OVERLOAD
7.896670471948191,85.16649261603699,1.202305154634843,1403.7312774064555,MOTOR_OVERHEAT
4.5122353428138045,45.05811152775028,0.7841555362064357,1484.0888834423918,NORMAL
4.593487763884925,47.266120831230424,4.385263144139489,1513.8122476917838,BEARING_FAULT
6.041525011918255,41.75777776119348,4.428212782526023,1296.0939311430584,BEARING_FAULT
5.615975496246262,48.0691591398377,5.213506210485581,1326.869648305379,BEARING_FAULT
12.905064400890389,64.93450622499051,1.6347691142496505,1378.152217283522,MOTOR_OVERLOAD
5.090973501103403,48.0844319306247,2.41469862782223,1535.783536926637,BEARING_FAULT
8.173433981270902,94.34556584710504,1.2395753266427691,1479.7405164794066,MOTOR_OVERHEAT
4.34391717772281,39.612789804881736,1.1667736093898329,1463.7427576289135,NORMAL
5.780453091041868,84.02519881466652,1.179130328663355,1445.9740616198326,MOTOR_OVERHEAT
5.8671919194192235,49.452605883346976,5.696180424027869,1548.6597583229006,BEARING_FAULT
10.025591551097504,69.44581582265215,1.8831146778845609,1514.1639566591366,MOTOR_OVERLOAD
5.020767124511154,48.186176122079985,0.9902577028247634,1458.6111603726101,NORMAL
6.285655613202872,75.55026702196656,0.896834755403803,1456.5435081710623,MOTOR_OVERHEAT
5.204933330564305,51.067170628556994,0.974644035546558,1498.2106826324853,NORMAL
6.208920762386619,44.49470534376892,5.221906511774082,1347.7280402026859,BEARING_FAULT
4.583896301256631,46.159541903673606,0.6741779252162563,1431.3696686248672,NORMAL
5.130338716886315,48.842937230377856,0.5871870005280555,1516.135049701069,NORMAL
12.770790893617955,59.73303010995625,0.8967900168788439,1368.3644964548812,MOTOR_OVERLOAD
6.578320691738931,88.32100607890393,1.650611792346965,1511.4984536868512,MOTOR_OVERHEAT
5.896219199668397,52.72539327240703,4.882663037094596,1498.0126208163633,BEARING_FAULT
13.516354174813117,61.71739123675326,1.6920935074890655,1403.915071416649,MOTOR_OVERLOAD
5.503735116460839,47.75937125147644,2.2090352204607813,1468.0563770753565,BEARING_FAULT
5.157649535088283,44.12788348758231,0.4047570330613013,1484.0111977484094,NORMAL
10.919937733357234,57.03325889526178,1.6879590774621651,1387.6602538083125,MOTOR_OVERLOAD
8.867408979443805,56.929891392934586,0.23096496711223957,1443.9352395386427,MOTOR_OVERLOAD
6.884405469882284,52.22198931239711,3.0278216063001135,1404.6855952468334,BEARING_FAULT
11.467059693682492,48.617111852068454,1.894996231168998,1355.3478571283426,MOTOR_OVERLOAD
4.481992841156371,43.35864010661956,1.3627793705276132,1459.2166196733024,NORMAL
4.19532976550995,46.87944332812965,4.121335574006977,1500.1978566947962,BEARING_FAULT
5.196797290228465,41.13859522076495,0.9081642854620138,1506.0616318306106,NORMAL
9.76306614319308,58.23427051338736,0.2629133938390926,1217.7048797243715,MOTOR_OVERLOAD
11.294591907515283,46.682170432099724,0.4190972924085775,1440.5284727743565,MOTOR_OVERLOAD
4.060544556691691,53.03502154474056,0.9475095889857466,1518.8500183138358,NORMAL
5.351312504940646,49.51599367594928,6.097177732857221,1460.2981816693461,BEARING_FAULT
6.158032200129356,46.59674142930198,3.539324480706195,1462.8073839555723,BEARING_FAULT
11.300007962327383,65.22269291815267,1.5072739531138009,1498.3382064500945,MOTOR_OVERLOAD
6.284573140557528,81.45856670962144,0.889293257360027,1432.95613375133,MOTOR_OVERHEAT
5.1186740491651115,41.591364776137624,1.4070289472391888,1502.621303233202,NORMAL
4.798436464975912,41.397231265149294,1.0226198629438186,1493.2165451001083,NORMAL
5.315302531869945,86.32995502610491,1.1466336627304448,1466.494859838747,MOTOR_OVERHEAT
4.847709766093463,53.5179022302888,4.0197681459632975,1295.606662554943,BEARING_FAULT
10.952967948985247,60.2564411901748,0.7622420786866779,1227.820234830109,MOTOR_OVERLOAD
7.771451265718573,61.539765072177424,1.6471919737393041,1417.5901890418693,MOTOR_OVERLOAD
9.478896210672081,47.421486434596424,0.8887962808413967,1338.8665793692621,MOTOR_OVERLOAD
5.349593145192625,33.88802287708571,1.3873087165552407,1459.64136089647,NORMAL
13.69134766899288,57.73929619294645,1.7610731509926283,1280.148369246774,MOTOR_OVERLOAD
6.149863226025367,78.29128627511012,1.5938437111656776,1500.6344537494076,MOTOR_OVERHEAT
3.8094796420371724,49.55329633168743,3.88116706926652,1376.3834435864849,BEARING_FAULT
6.557159836001827,75.30511815071978,1.7414569674694227,1454.122271324575,MOTOR_OVERHEAT
13.123871411865903,56.33597074723799,1.4160200366655022,1403.9029684027705,MOTOR_OVERLOAD
5.793873153154946,47.24904712402761,4.872935948195896,1625.8355702295662,BEARING_FAULT
7.58886098272741,44.5156413566354,3.255121073439784,1491.9561112577444,BEARING_FAULT
5.933587340004476,39.43221146898145,3.381164077930861,1323.6161426206731,BEARING_FAULT
5.381222685716766,41.88957628900693,0.5149121799505162,1530.3754083532297,NORMAL
7.459546062644786,93.27907402502186,1.4409438688610747,1543.3071238958933,MOTOR_OVERHEAT
11.838156552106637,56.87203037150067,1.1905539781181504,1321.442215550748,MOTOR_OVERLOAD
12.405453493383803,54.98724922635713,0.9496640183907634,1367.0932614183762,MOTOR_OVERLOAD
7.055394907442315,88.27284854382796,1.196219163698332,1547.4474690972468,MOTOR_OVERHEAT
4.480501330584054,45.47339165355282,0.8191841910909333,1473.1260904095518,NORMAL
4.7436484121980795,50.276052790965586,0.9896575404896102,1499.6426452843211,NORMAL
5.121383715098716,49.982539840687494,0.7350401106534626,1512.1240753980132,NORMAL
7.701730031039551,75.91288691851568,1.617435281695482,1521.7085456510779,MOTOR_OVERHEAT
5.499576389195308,42.25775907137845,3.5654354058290507,1291.3569408061646,BEARING_FAULT
4.887397405442929,39.232085057439946,0.8612980883436139,1485.0081970083966,NORMAL
5.941552814205899,49.65756232686602,2.9639397905378932,1519.6249514212614,BEARING_FAULT
7.028553483548332,68.22284961386931,1.3406131685019902,1622.507088776496,MOTOR_OVERHEAT
6.28716118957433,91.28173437727486,1.0420670751123096,1397.5303615215382,MOTOR_OVERHEAT
7.166334395741234,79.13482883824337,0.46551737878266075,1444.3324975121611,MOTOR_OVERHEAT
11.605382105421654,49.43983947221332,1.2585965406281097,1381.879580321617,MOTOR_OVERLOAD
7.104749903939799,81.17023025796644,0.9948114999534776,1399.0698207749913,MOTOR_OVERHEAT
5.501066747548747,44.263297013939116,0.9915946645312769,1509.7057708529544,NORMAL
5.516885551108068,48.78723917990848,4.249442152292495,1482.8239943441554,BEARING_FAULT
4.310940019359903,42.498455545739695,4.956829162219994,1478.2183365408732,BEARING_FAULT
7.073726456651292,84.55703349758248,1.14236199214413,1373.1316599864294,MOTOR_OVERHEAT
5.693034571977379,83.31510109128175,1.594448425675942,1490.5772655339886,MOTOR_OVERHEAT
5.235696480955951,47.98199562609993,1.5466165664028528,1531.7002964669043,NORMAL
6.891782844584999,57.696657784872166,1.1845540484922026,1452.6976229613672,MOTOR_OVERLOAD
5.929544378121812,46.516847393168824,3.845972784099877,1342.579026397015,BEARING_FAULT
4.758804451922477,47.65741469695973,0.5612627845437542,1497.4877310742418,NORMAL
5.914786497939812,72.57743644213933,1.3835288572637952,1440.8423603759288,MOTOR_OVERHEAT
5.550674522955876,46.81009626984371,4.617310657589165,1549.866139903535,BEARING_FAULT
11.439614979900375,55.88968503087006,1.475589056167274,1362.39085953849,MOTOR_OVERLOAD
5.314512705687663,40.653728561637635,1.2005666029770208,1479.9752741604539,NORMAL
6.284988560522277,49.75053757088448,1.392473982063973,1496.006616780182,NORMAL
10.233684367506278,56.867507788813754,1.3977113129103635,1510.8835456308864,MOTOR_OVERLOAD
5.386363275966115,44.59041317355562,1.1814374747651704,1544.1798010082227,NORMAL
9.552892335482987,42.254999334991496,1.4994543469007382,1519.3253213159012,MOTOR_OVERLOAD
5.145643615752123,43.32948845759953,5.703734081205178,1431.3803695128927,BEARING_FAULT
4.5881781945583135,51.06058596534985,4.639234076744245,1619.000143418775,BEARING_FAULT
5.02314867378855,36.37590782980008,0.8010478748089706,1457.7461414598617,NORMAL
5.146731107289473,75.42128231486997,1.5370993406112685,1429.159113139131,MOTOR_OVERHEAT
6.259501041517606,79.57804523923993,0.9235831868053229,1485.8960236066293,MOTOR_OVERHEAT
5.003803437417361,43.43728958960322,1.2286447725876057,1545.518270776002,NORMAL
10.026315317542613,52.037890480944014,1.1927067201866934,1340.310354808121,MOTOR_OVERLOAD
10.700552262983551,54.61117989338544,1.4532052601806735,1509.6637248611073,MOTOR_OVERLOAD
5.7923969933169,50.75482192943692,1.2219077525238768,1485.0622813460193,NORMAL
6.057409762010634,92.913344899513,1.4247449036645807,1466.7700955421185,MOTOR_OVERHEAT
11.043559357257937,59.889803722910735,1.8022309463677533,1361.2001537367305,MOTOR_OVERLOAD
4.770087607318407,43.97338353440099,0.7002565326006963,1503.4501534490003,NORMAL
5.370378604259669,92.259944570727,1.8799246672491114,1489.551408213203,MOTOR_OVERHEAT
10.679216598509129,59.580551569912956,1.8143989458713135,1338.3324298833754,MOTOR_OVERLOAD
5.076704241900371,47.68031696880876,0.97174162739475,1421.052692943656,NORMAL
5.25673426441695,49.48336260561267,0.961079139043449,1577.000512069434,NORMAL
4.937907039160423,48.29679847918345,0.5258982046463395,1458.8598303623492,NORMAL
7.372078575956428,63.3401629464591,1.1951012565852213,1433.4759495187939,MOTOR_OVERLOAD
4.475669589642429,49.45314746199455,6.758495678658877,1748.787528100301,BEARING_FAULT
5.224426258340147,44.726878943331236,4.673152976061625,1669.4132787790938,BEARING_FAULT
5.546321527861551,51.93939728446618,2.574548301318216,1513.965406038984,BEARING_FAULT
12.241907401170812,68.24417208202932,0.7309565606093523,1489.2322130477557,MOTOR_OVERLOAD
8.543956971212609,82.28150023734162,1.7814248452503083,1496.836892617104,MOTOR_OVERHEAT
5.973807254008129,94.3551688417819,1.156898798745276,1475.3211698863345,MOTOR_OVERHEAT
10.994466461527413,46.84907237355412,1.570454953910743,1321.811150424564,MOTOR_OVERLOAD
8.780416311923195,79.71372489259015,1.0111611248183094,1366.4072618067516,MOTOR_OVERHEAT
4.717141167308036,48.48670899495098,5.483868925594816,1537.033620294824,BEARING_FAULT
4.3357725907739075,52.735173940752745,1.0519021418956678,1495.3678596011293,NORMAL
4.921317481877993,43.69781995392187,0.8394738539869864,1436.7475687395604,NORMAL
10.56094375336777,60.35884541888455,1.7858227423815776,1366.3903953311863,MOTOR_OVERLOAD
12.163628450674864,53.10073824281967,1.369844739000482,1389.0042405685501,MOTOR_OVERLOAD
5.25849260180473,49.18212909915872,0.8565750826738526,1510.9182301945355,NORMAL
5.14927238588065,49.85153476689263,1.0283409975458915,1451.3737452611215,NORMAL
5.334458004012479,51.37869906453366,3.0397576879274855,1556.9814345213372,BEARING_FAULT
6.312291938608203,85.3815923041676,1.5801829166914936,1400.853312680559,MOTOR_OVERHEAT
4.5041972725280415,93.63208448421436,1.2255092178989628,1372.2836125988904,MOTOR_OVERHEAT
5.818608203416076,57.51225959131448,3.488111610494939,1656.207848574344,BEARING_FAULT
6.6792061840978745,46.244220656494726,7.154255568331974,1599.27360300482,BEARING_FAULT
5.56858976590898,50.688425399694225,1.268139623780637,1556.2646213460257,NORMAL
5.203480063613016,45.186375213030345,5.445934416985544,1515.8143725281982,BEARING_FAULT
5.5231118636125585,93.95264768744825,1.194383331570828,1408.578031825744,MOTOR_OVERHEAT
7.290430214684234,104.78078878265637,1.2524661540867137,1524.7383522220396,MOTOR_OVERHEAT
5.369338974547665,48.673183134423134,4.7640099668761,1433.6068134855875,BEARING_FAULT
5.105944015072227,46.643930307603505,1.0257980442242876,1433.5398032104597,NORMAL
12.616217814079524,49.18085490335719,1.7329685806467796,1359.5406316338447,MOTOR_OVERLOAD
10.462986041163466,55.22450311566054,1.3998422524059768,1489.6803525533041,MOTOR_OVERLOAD
4.460183128107348,44.94824492758565,1.0548744190386115,1497.1035064467783,NORMAL
5.701289802480286,48.321999350060445,4.554368188181691,1269.4732548689499,BEARING_FAULT
6.077656954032799,55.32185081209711,1.155518557165761,1352.0373455065367,BEARING_FAULT
11.451071812726592,44.740333242302746,0.843513901775671,1426.003579294904,MOTOR_OVERLOAD
13.266704849538701,49.07517283971545,0.854244138779714,1511.314654340425,MOTOR_OVERLOAD
7.363798014412438,76.39419368610736,1.78113258664054,1533.920942948872,MOTOR_OVERHEAT
11.537689364550152,53.99049655327258,1.7753399682421396,1251.4090533028068,MOTOR_OVERLOAD
5.274065142534447,45.97500992160659,1.1221791681206406,1481.3433397597025,NORMAL
4.77430635726194,44.84584695262635,1.0740049448832232,1565.7720684093476,NORMAL
5.105907452823468,48.38193243392742,1.2783227198653615,1524.8148957572544,NORMAL
7.191282098922915,92.5332155869921,1.2725686393644864,1476.1011411405711,MOTOR_OVERHEAT
9.913139257718138,64.08338100461653,1.1793276895476617,1363.230793114086,MOTOR_OVERLOAD
11.031797965268549,68.02168252472649,1.2841669140110206,1527.4001306937837,MOTOR_OVERLOAD
11.28120150825879,54.50587840323056,2.0096728894015077,1400.8898642304928,MOTOR_OVERLOAD
10.59398936698446,62.59417315535266,0.7526034265910455,1352.1153061676257,MOTOR_OVERLOAD
7.419804340191992,87.78106195916516,1.4215573319004344,1347.8664730555802,MOTOR_OVERHEAT
5.352355500081675,44.054214320141945,0.9937880907681299,1524.9316426500789,NORMAL
7.117970757553941,76.96918403729795,1.0283643365827704,1511.7510994868182,MOTOR_OVERHEAT
5.0832704653358665,82.5759725177099,1.443802358616714,1480.5129996021283,MOTOR_OVERHEAT
7.04393169418334,96.74193552009987,0.7850849282233107,1522.1285111382495,MOTOR_OVERHEAT
5.974765657054945,46.4525356545111,4.8249307323184,1660.9249082638473,BEARING_FAULT
5.560161927867782,50.20712505025971,5.2006011697544,1289.620098469471,BEARING_FAULT
5.693368977906564,50.86336988492053,6.169479403678482,1540.9988676938929,BEARING_FAULT
6.922095265545171,73.13669050276364,1.1495530472318107,1499.4075097065625,MOTOR_OVERHEAT
7.146309433386353,86.62902816355474,1.5923106820713961,1502.8041337047523,MOTOR_OVERHEAT
5.191640158274737,38.73129163765821,0.8242245368645246,1513.9173790873085,NORMAL
10.857733089607247,66.2000750723097,2.2311221345706365,1197.0855996041596,MOTOR_OVERLOAD
11.378673971888588,63.21083392900717,1.4319611526375842,1381.8522618641234,MOTOR_OVERLOAD
6.196750970589486,77.98856337788298,0.6233712746514696,1539.9957682791212,MOTOR_OVERHEAT
5.4950525607997065,93.41419098779332,1.3269834209262132,1461.9087039473625,MOTOR_OVERHEAT
3.5998303280910173,53.9189273656382,1.4727032776511981,1419.1021177582609,NORMAL
4.149894744441876,51.30033131043492,0.8169703401828659,1529.773343549987,NORMAL
11.910580152155827,57.44774476827382,0.5611641656318788,1393.5290837043894,MOTOR_OVERLOAD
8.516941244019222,59.89205210671947,1.378841300348481,1508.0947462767201,MOTOR_OVERLOAD
9.176302552236686,65.43309930804075,1.3317984252365798,1494.4981411531994,MOTOR_OVERLOAD
8.965100223591328,55.59622648137993,1.2413133479485654,1351.969405686692,MOTOR_OVERLOAD
5.388477800368908,40.80932765772362,4.032278604627415,1320.3410170515867,BEARING_FAULT
4.942292637846001,49.18926114429503,1.052710136849455,1501.848131032598,NORMAL
3.995190233177386,46.09058105372851,0.745976772134794,1516.7399629820154,NORMAL
5.22973144183103,41.51513571189675,1.2178087099117425,1497.7818650076833,NORMAL
8.298192409978512,76.27244263063082,1.1679114417337133,1449.3780906965771,MOTOR_OVERHEAT
9.02650466708835,51.343473817364554,1.2053577902206682,1565.549692130311,MOTOR_OVERLOAD
4.786241617363144,47.39338818829953,0.7858541508343867,1531.2472482089497,NORMAL
4.71843373349137,49.05841128206747,6.67239525571769,1581.7344007324668,BEARING_FAULT
5.034964598561268,44.87666994366326,0.6094196289509486,1528.054033533793,NORMAL
4.6823363435803556,51.207520480489954,0.90850803438607,1453.9362586636817,NORMAL
5.282248880454973,46.3203417530476,4.408702444260001,1428.1741303776298,BEARING_FAULT
5.331428500143141,70.02147708572772,1.7251760897662627,1545.6671650783328,MOTOR_OVERHEAT
9.413517805815703,54.739298036179456,1.214565016846704,1519.1710472632499,MOTOR_OVERLOAD
6.599672207546837,72.49334831173138,1.0238740275025164,1385.5817142458777,MOTOR_OVERHEAT
4.508500937550321,83.3578244320228,1.0395072342009326,1489.3758658922927,MOTOR_OVERHEAT
5.25497953846169,49.174973590881976,1.0378495589292924,1500.4134225272942,NORMAL
13.00729419940798,60.96958782713979,1.158220801609487,1420.1189224814254,MOTOR_OVERLOAD
4.964953253684791,50.650052279844026,0.7649796838310139,1452.6496361175923,NORMAL
6.904215136018974,82.18022730222427,1.5661113163929767,1557.1134170153077,MOTOR_OVERHEAT
4.072691755204843,83.68459481314896,1.3074512682689232,1393.3710290661747,MOTOR_OVERHEAT
7.202302787021347,72.69021581689802,1.0476981715614742,1325.9182511616361,MOTOR_OVERHEAT
5.876920650664071,52.65960275559767,5.9888798989694525,1349.986547862485,BEARING_FAULT
5.6816292101332575,47.515185174441214,0.6407235132897529,1480.1310118882518,NORMAL
4.580641742852753,48.50617441632608,1.0782263152423501,1424.577083822261,NORMAL
5.0594208926043205,47.6849120464548,1.3058532752993888,1611.9878888734925,NORMAL
5.211575922056607,51.847875701961236,3.072537859040385,1187.6412365092615,BEARING_FAULT
4.664767923554968,88.53539442339739,1.2569068433202704,1307.5110440126775,MOTOR_OVERHEAT
7.630937796255025,82.77864019662981,1.1017996641809737,1472.7371414402614,MOTOR_OVERHEAT
6.993979178107693,55.70450559204306,5.068850000935662,1271.4485502541247,BEARING_FAULT
4.960314554410484,52.52116214940161,5.467295869536741,1493.6269002120382,BEARING_FAULT
6.390400164837208,59.4109014683651,3.765304551633817,1508.1015514379997,BEARING_FAULT
5.534050797163134,44.70529529462661,5.204416806185247,1511.8634737298303,BEARING_FAULT
5.304121371728464,98.1189232990274,1.2459955993685,1406.2122805620168,MOTOR_OVERHEAT
6.509211692632089,89.1519767138078,0.8437299090206298,1414.0083331708051,MOTOR_OVERHEAT
5.744572215778269,59.12788071464248,6.579513309882268,1506.433832696657,BEARING_FAULT
4.233790133017863,45.589289321945884,1.0060111872598936,1458.086391245207,NORMAL
6.320142755706722,72.55630957185626,1.0548151625218898,1421.2771378348252,MOTOR_OVERHEAT
8.98179335310066,59.06072582657892,1.1090325514369166,1427.0141614963757,MOTOR_OVERLOAD
7.045663722743979,95.9913840441277,1.3162647383783983,1462.1729455781144,MOTOR_OVERHEAT
6.8769950699996345,56.31155656314141,5.533078075556054,1312.244614464988,BEARING_FAULT
6.348323376906713,80.3724586910436,0.6278082051303517,1518.2249260173398,MOTOR_OVERHEAT
5.414721940338065,95.59020672327475,0.8542348412155669,1422.355353210547,MOTOR_OVERHEAT
4.947743497368494,39.49634564559379,1.1167112771301289,1537.0742365430617,NORMAL
6.18831487117646,44.143529275049836,3.690837727088068,1440.1453917039335,BEARING_FAULT
5.637837374752793,50.992737777252444,3.864787564352033,1645.2174605829257,BEARING_FAULT
5.9368629210821435,45.22964028575263,1.2942019882982279,1585.7378729910793,NORMAL
5.357935944158617,52.27410487818505,4.345872937318758,1501.8687881887297,BEARING_FAULT
5.5348618638644895,45.45467344581107,3.6867482911847254,1655.5837782107048,BEARING_FAULT
7.7150040190819436,76.55101204242901,0.7528616939246544,1455.366405169936,MOTOR_OVERHEAT
13.677422184320207,52.765689350237245,1.274405737748574,1424.9143499040051,MOTOR_OVERLOAD
4.653263535153407,37.10466452056414,0.8906714745807276,1487.8052854802638,NORMAL
3.4989800935042075,38.75518831124448,0.8808417070248779,1489.5158310902148,NORMAL
6.247817275525362,97.18186499152601,1.362982645797424,1387.0561588086332,MOTOR_OVERHEAT
5.503229248194844,90.06802315975794,1.2985332617825245,1413.5669499704559,MOTOR_OVERHEAT
9.58259924656985,59.01248557136914,0.5758217182566752,1418.4618235964222,MOTOR_OVERLOAD
6.181569675534055,92.74577523014713,1.485731579682715,1523.7436131514226,MOTOR_OVERHEAT
13.111638207881297,70.26893949085988,2.023319637797489,1345.7784239416944,MOTOR_OVERLOAD
5.719390922158063,52.56103007063916,3.3188026757132576,1603.259360974895,BEARING_FAULT
13.100548875321996,65.77571612970559,1.1185793690777532,1490.68818864048,MOTOR_OVERLOAD
7.0497802609821925,81.5842600055661,1.4935777944287398,1601.0417642335383,MOTOR_OVERHEAT
11.188754082831249,65.32813677588005,1.420117374976472,1325.2730610065923,MOTOR_OVERLOAD
3.648933625628572,42.87249002422897,0.8902849643061372,1447.1085441639925,NORMAL
12.070190693666731,55.661166931475485,0.8792288712080707,1354.0524713218224,MOTOR_OVERLOAD
10.328804542690277,53.346343124430376,0.6737891090126247,1515.4024315209447,MOTOR_OVERLOAD
11.952065963135006,56.97928485321905,1.0424977544670773,1415.758344367408,MOTOR_OVERLOAD
9.628167429809118,52.63430186870769,0.8314219255894925,1649.3363393059135,MOTOR_OVERLOAD
6.183690556051543,47.091509696152016,6.190700322145721,1688.627608165279,BEARING_FAULT
8.281117450147038,61.593005035936415,0.7699761468698586,1206.3057714088648,MOTOR_OVERLOAD
6.415451641766359,71.44831662671133,0.999459987061219,1381.4209263888147,MOTOR_OVERHEAT
4.645337944885337,46.30737388155209,0.9470902148532009,1510.2653752432611,NORMAL
4.657130468481958,49.515964403848066,0.8066632705351852,1526.6333239122687,NORMAL
5.203436317690062,52.64724578124811,3.5107159555364795,1424.1547967817726,BEARING_FAULT
10.448606800759721,57.990567973184824,1.3263898012424014,1456.8109082301232,MOTOR_OVERLOAD
6.052214616020649,48.51581611080357,1.174118789457581,1511.8413230817048,NORMAL
6.551109220774748,55.34347076492349,2.7823932621210767,1540.5115955609642,BEARING_FAULT
5.02483588180169,39.48980082005085,4.793460555585797,1322.3735686070427,BEARING_FAULT
5.837652211320104,93.6139058315219,1.1572173645423423,1474.5826014790016,MOTOR_OVERHEAT
7.199509806458744,84.12430895417752,0.9026047168149349,1449.7517912177618,MOTOR_OVERHEAT
12.734511945348535,63.657734536657976,1.2856085215234017,1417.1450788737206,MOTOR_OVERLOAD
8.87724983977623,50.44317277374365,1.287926057141659,1371.81586826319,MOTOR_OVERLOAD
4.92881700433407,46.46483839113575,1.180902056028003,1525.0843840059665,NORMAL
5.5070876261027175,83.73739423230185,1.824219704565401,1581.629687657323,MOTOR_OVERHEAT
5.993069118832808,47.38099449426194,6.4095785795784455,1354.7490206219288,BEARING_FAULT
5.151730888981939,46.095215381294075,0.8738474969689327,1478.9258721605129,NORMAL
11.86759729702526,54.11771416354764,1.1054310507203087,1441.4729570027732,MOTOR_OVERLOAD
11.227384767229285,62.7743264852833,1.451735666513696,1535.7353389785965,MOTOR_OVERLOAD
4.597261053963735,50.424041864249055,5.507077128945879,1485.1344537169255,BEARING_FAULT
5.507976308208979,45.45218561876141,4.97782789354677,1578.704086622365,BEARING_FAULT
11.69357848827548,60.96233628676149,1.2054934219875992,1522.4318241163128,MOTOR_OVERLOAD
7.316041905255115,75.61260283429552,1.0055514812507176,1415.0692470261288,MOTOR_OVERHEAT
5.81775620386695,84.56731466367866,1.127999694346681,1483.23165803895,MOTOR_OVERHEAT
10.973849154576486,61.43437064817611,1.3199903898826382,1321.9577456788206,MOTOR_OVERLOAD
4.264636541739651,41.0085920670239,0.6350188854131785,1501.5725226409718,NORMAL
5.742685354526178,77.81225904258544,0.978209205551469,1410.719160189704,MOTOR_OVERHEAT
5.354138389945616,51.10606701196256,5.345729403126034,1551.6064443963194,BEARING_FAULT
5.382520286538617,40.700935944729146,0.5342477580099837,1498.6128299992563,NORMAL
11.50849176571224,58.82574763124377,2.0385759403645762,1367.4896628210345,MOTOR_OVERLOAD
4.375673636505479,43.91628747936877,0.5433402174425714,1435.797760839843,NORMAL
5.269196245194191,47.35561985427052,4.291110041550407,1586.5592079727137,BEARING_FAULT
4.814628135183305,73.20875119820361,1.469390280817951,1498.81237489634,MOTOR_OVERHEAT
10.472480930584226,58.21935798640524,1.4229643065976094,1385.0898348834573,MOTOR_OVERLOAD
6.050357909327861,93.8986173517983,0.9493039016655498,1465.5556275307779,MOTOR_OVERHEAT
6.5586042359575,51.82341072217826,0.9159794119357374,1500.735768622853,NORMAL
10.432572173953691,55.35946593647721,1.6899871377736542,1340.786071656462,MOTOR_OVERLOAD
6.440597269327324,85.75752321141373,1.0727837486135368,1439.7561456389558,MOTOR_OVERHEAT
6.078556713460589,42.69201451448986,1.3138156753143697,1433.3296826803905,NORMAL
13.401312685515638,58.896904604437054,0.7406432357239993,1395.207524985827,MOTOR_OVERLOAD
6.156457278411921,60.18148001130421,7.166164685571335,1613.325091667252,BEARING_FAULT
6.403823501723872,78.8463194354017,1.3435821955475669,1551.9190883879908,MOTOR_OVERHEAT
6.0628150108432335,49.5178623504386,3.742052256069659,1351.5824604935367,BEARING_FAULT
11.55591216323643,46.962070061185216,0.9677209053592908,1392.8207089016537,MOTOR_OVERLOAD
9.678923118932838,60.35218238834514,2.068360328834409,1304.2639905932388,MOTOR_OVERLOAD
6.092387694588081,45.91508011571575,0.28498338911279153,1536.404059797591,NORMAL
12.736953578848324,62.44385625905844,1.2683183836047953,1548.9993737641898,MOTOR_OVERLOAD
5.663596021944379,39.29145439125504,1.198584276829155,1556.8430375227913,NORMAL
5.200577077098629,45.55969724815645,1.0138174415731347,1504.534821521009,NORMAL
6.681005536730846,90.12372936869544,1.3667496251031168,1439.7644408852598,MOTOR_OVERHEAT
6.738355093278572,96.12889563732088,0.9229021864208999,1462.7616770595935,MOTOR_OVERHEAT
7.117133922073585,81.5520204862677,1.3374864841752183,1500.602140344089,MOTOR_OVERHEAT
4.2142394946405615,48.47111510714961,5.677223912231664,1297.1708849399931,BEARING_FAULT
6.822676436536969,93.818444998325,0.9577309147180139,1493.922224540842,MOTOR_OVERHEAT
4.89669103313582,79.62514441205751,0.8586021178679314,1425.7849101705904,MOTOR_OVERHEAT
4.799068982008535,50.81620072582983,1.5167079825986947,1507.9695216499695,NORMAL
6.148751081165758,71.85200470345676,1.0028705230691113,1462.213839595118,MOTOR_OVERHEAT
12.882737625057084,68.04384697162628,0.8185599140418189,1463.6840493989062,MOTOR_OVERLOAD
6.761746094717197,77.70278692234349,1.0203209309143801,1387.6471311484572,MOTOR_OVERHEAT
4.852833292434735,42.0984339119681,1.3101358503816698,1485.1851756135557,NORMAL
5.559991705530262,46.0310226745644,3.3877747623554457,1527.4551160382762,BEARING_FAULT
11.827932344458398,61.05548790647851,1.4857799829981684,1426.4310204524786,MOTOR_OVERLOAD
12.595263392677289,62.810775459402684,0.9517872109082339,1344.9216871307365,MOTOR_OVERLOAD
5.694504654812681,32.80946973858899,1.5833793376780685,1490.235651259116,NORMAL
10.773247428964176,53.05420475069438,1.275246705949042,1492.0179006797962,MOTOR_OVERLOAD
6.62416523213338,70.3624200980436,1.1400258739426536,1491.3181422447858,MOTOR_OVERHEAT
4.7225889244012595,46.82009488139008,0.9902988643914353,1517.4101582868425,NORMAL
11.27050301099587,72.68681652155745,1.763520344253605,1384.3960119036453,MOTOR_OVERLOAD
5.136849486414743,92.02036908263655,1.0850865830204965,1510.8966458243144,MOTOR_OVERHEAT
5.145498074762733,50.162255049284695,0.7694933021356263,1503.4148552641036,NORMAL
11.381831188269086,67.56962094004419,1.2118101669654726,1564.1615699010636,MOTOR_OVERLOAD
7.5087935392421326,95.62788238935815,1.5603003516223573,1543.4625222318768,MOTOR_OVERHEAT
5.150403209013605,70.54945193110542,1.753367039355156,1394.7173354035003,MOTOR_OVERHEAT
4.739372843678261,45.87988454051023,5.110774361462767,1443.1544636992865,BEARING_FAULT
5.288447995343545,47.61297953312491,0.8111966546996487,1506.1631996859549,NORMAL
10.09304939518633,57.1003863971946,0.9964060544027602,1431.362128884793,MOTOR_OVERLOAD
12.98136500400481,54.951274045505876,1.0430293281166256,1297.3964296236811,MOTOR_OVERLOAD
4.717725922592758,75.03387522157394,1.6689579252554614,1500.0764375038432,MOTOR_OVERHEAT
11.641454328319618,52.08475015004473,0.9928178265039396,1383.1793798581257,MOTOR_OVERLOAD
5.889911215313879,53.267097555596756,2.705827142907952,1150.4961932838403,BEARING_FAULT
9.640289075789928,62.78363536701568,1.7487644276296501,1413.6503560307674,MOTOR_OVERLOAD
5.02898118369944,46.53024618292938,3.071734687014909,1441.0902128515072,BEARING_FAULT
4.679659856975867,43.24004918188116,0.7050694217025175,1473.9450283972978,NORMAL
6.202521529539059,45.427553649322846,3.995495141984895,1564.8726244392249,BEARING_FAULT
6.874242805437759,46.1886716236806,4.488581777419833,1568.6710957741354,BEARING_FAULT
4.479388836199626,54.509906475879575,4.226624143544104,1414.56213028453,BEARING_FAULT
4.202264291031615,52.13177587059646,3.04366035907291,1475.4722363119147,BEARING_FAULT
6.786830870146677,85.04966132727928,1.029623249134568,1459.47694095397,MOTOR_OVERHEAT
5.888292942036435,52.06944494807149,5.815142728437099,1297.9717563859485,BEARING_FAULT
5.283431663169779,59.179444987651095,5.561919914356938,1281.928525248243,BEARING_FAULT
9.876966689945066,54.280278016642896,1.244915423687773,1412.6637629774332,MOTOR_OVERLOAD
6.043607570174402,75.37406733057983,1.222425843622131,1394.8169570094142,MOTOR_OVERHEAT
4.795849640691026,55.872835603735716,7.941555041222041,1547.5203543370426,BEARING_FAULT
9.828286261575832,60.71352473621316,2.014051120786356,1486.2748861126945,MOTOR_OVERLOAD
9.971589511462607,50.05944743942077,1.3096309625935647,1281.493595139989,MOTOR_OVERLOAD
5.272652202928618,48.18335462087909,1.0830876025658096,1552.180547884622,NORMAL
4.378953131575615,47.5639628775799,0.9775693235305817,1494.1170600196558,NORMAL
5.944012941485146,42.50559724296715,1.0380600928887527,1423.3273651293969,NORMAL
9.253577215673337,79.10312277462255,1.0137050076825176,1439.3582898576285,MOTOR_OVERHEAT
5.019264604382561,45.18622989331144,0.7950724595244476,1474.8969103515587,NORMAL
11.280712980155323,74.2632806130783,1.2199148761510004,1333.602177841618,MOTOR_OVERLOAD
5.498619114600785,45.62893137374478,0.622785257505589,1456.2978291846634,NORMAL
5.33057469309269,44.365134138106,4.724609280738256,1646.780832614322,BEARING_FAULT
12.321385194798797,62.15118413402239,1.0732006656235034,1293.424182936719,MOTOR_OVERLOAD
7.639971986062925,85.91035526535548,0.9242703889806643,1432.4957916004169,MOTOR_OVERHEAT
5.997281902015025,52.393196583299044,3.825234509332147,1119.6189958126824,BEARING_FAULT
4.11167809246099,50.60474510013559,0.8692809735499781,1460.8623647983427,NORMAL
3.783263411604682,72.13958357230072,1.8158772100649698,1412.4426936589498,MOTOR_OVERHEAT
11.813773165303326,46.136327647795824,1.1736663326720702,1394.756276657363,MOTOR_OVERLOAD
6.452249007348441,36.57123061068125,1.4565101358210877,1492.7507586181318,NORMAL
4.891918847136602,51.60475710282223,4.274507838538415,1271.9600393948763,BEARING_FAULT
5.553928215612206,49.613703173338244,4.0643819947582385,1484.841704688156,BEARING_FAULT
11.535068958553929,57.50261785911068,1.19425372259464,1428.1171889265584,MOTOR_OVERLOAD
6.179046999283655,96.35759896660493,1.3747202306984994,1448.5327472302577,MOTOR_OVERHEAT
5.818317337888345,42.73482033767598,1.1659230361075734,1490.2588783310055,NORMAL
13.203145616981873,56.43954076327,1.82200419553857,1446.5882085893697,MOTOR_OVERLOAD
7.191188123756504,60.29722681222883,2.32877205809667,1364.2064684648258,MOTOR_OVERLOAD
5.39759958223129,46.582036425450035,1.1499364312887397,1522.7377722237845,NORMAL
4.380642397653298,48.08613303904768,1.2518704272322756,1516.3900487849317,NORMAL
11.06620834499839,66.05309376863931,1.1777288554793972,1281.4263600895583,MOTOR_OVERLOAD
5.764668330164744,50.05815923735214,0.9736492964188901,1444.419065911275,NORMAL
5.217153112357306,39.43725828009897,0.7085143680961121,1502.559108454754,NORMAL
11.047348500934872,54.404813589802465,1.922757840038973,1427.735052482049,MOTOR_OVERLOAD
4.907296592450059,40.21856410280759,0.8052211241169591,1589.3637232319093,NORMAL
7.525686684233465,75.42988209651084,0.7270618895662764,1472.7294717174368,MOTOR_OVERHEAT
4.4826092243146745,46.81207502524869,1.0235853008595364,1571.6359428493165,NORMAL
5.466660433450955,39.52666280979553,0.7166731364790726,1480.4792039375227,NORMAL
6.018743144651236,55.18022625657299,3.9031719235494773,1635.4846170107837,BEARING_FAULT
6.273664566967866,83.14688706774477,1.2967928001048867,1534.6675506426611,MOTOR_OVERHEAT
5.703316342152228,44.31818121767257,4.990932238956048,1259.8030807766054,BEARING_FAULT
7.879912800697073,89.47413866122872,1.3373168133450255,1505.792894389689,MOTOR_OVERHEAT
14.159360446554999,68.30859997743893,0.9654794320176314,1340.5663385672772,MOTOR_OVERLOAD
5.634183334172782,51.90635998966877,3.611997468032144,1500.6695311955486,BEARING_FAULT
12.956495198990718,59.90556934499006,1.1326459721536306,1389.3762837647473,MOTOR_OVERLOAD
5.382010888006234,47.67889980388996,4.440760069878216,1541.4969169559577,BEARING_FAULT
7.184938005702019,82.28549886821034,0.9943921621768081,1530.484982928062,MOTOR_OVERHEAT
5.325673185347024,50.26046725617562,3.78833724930833,1547.8795259048538,BEARING_FAULT
4.384184751751999,48.91701284036272,3.914004691114387,1392.993883374517,BEARING_FAULT
6.595882959275064,80.71818374672799,1.3063061407937924,1415.0966809175961,MOTOR_OVERHEAT
13.084340387870093,48.092933445666816,1.2747979936652893,1358.0498666449612,MOTOR_OVERLOAD
11.684018273163693,45.29654012727684,1.695335096484608,1299.9008971524006,MOTOR_OVERLOAD
6.3080342575375115,80.19732350081439,1.3965630627623604,1594.1018168153244,MOTOR_OVERHEAT
8.751657080584787,58.998693063689366,1.9285579987803079,1524.1893605329979,MOTOR_OVERLOAD
5.65998779020525,37.31633629641927,1.032610645844023,1394.994132636128,NORMAL
6.283982044690663,87.49168276176268,0.45239525769622857,1430.1531802003844,MOTOR_OVERHEAT
9.438315296076814,50.32365947247102,0.8150730286832171,1399.4362767571613,MOTOR_OVERLOAD
5.669226031532416,48.55795774520082,5.132307622245003,1623.686984392767,BEARING_FAULT
4.8484895994182216,36.14325051582799,1.3798913671508097,1522.3030337129926,NORMAL
6.906827854829175,83.7952339798614,1.5655783401449455,1560.1229618620075,MOTOR_OVERHEAT
5.469116723298486,62.1515155136664,4.208231455694767,1402.304934809443,BEARING_FAULT
10.445448882186838,69.54176332253631,1.1965228083032573,1362.9936922170332,MOTOR_OVERLOAD
5.1828302478526584,44.76286941589627,0.8644147060439474,1549.9609078749397,NORMAL
4.652409657313651,47.86329322652596,2.8044877240079202,1486.6705909553361,BEARING_FAULT
5.485942591574666,55.38877389778371,4.376516194420835,1410.417651034561,BEARING_FAULT
5.358969632276403,54.67025147056084,4.578734732660626,1256.9589539825859,BEARING_FAULT
4.978633558285946,42.062448970434794,1.0084980235248824,1490.421157395347,NORMAL
5.78130079921868,52.37394909342186,3.1530881547632603,1467.2284057429324,BEARING_FAULT
11.384688366287799,50.37428297556664,1.5818305668230206,1351.4600925881948,MOTOR_OVERLOAD
6.1021481169927885,37.76921256090027,0.7766129930684311,1446.0053035081714,NORMAL
12.091300540438699,54.24021064292481,1.894415557406059,1284.2954116375909,MOTOR_OVERLOAD
7.234510911308617,90.81942935713394,0.8226998177265951,1478.079216690196,MOTOR_OVERHEAT
5.795242540805249,51.41048858231212,4.851412511925681,1375.9465643202163,BEARING_FAULT
5.663641942469004,51.88227579605093,5.329244883333991,1479.151519672256,BEARING_FAULT
5.42209606597032,53.65108380980617,4.4292904528052865,1517.5771319696062,BEARING_FAULT
11.908287807836466,60.55428756750945,1.4591938230251527,1338.1525203875935,MOTOR_OVERLOAD
6.1494115574622,38.783773669488696,5.752693195699778,1205.1212295525377,BEARING_FAULT
6.108695007773627,42.97358921611519,0.6827839766010162,1557.1812789827377,NORMAL
9.336144299595489,57.49006119437951,0.8033048751394533,1450.0166607679923,MOTOR_OVERLOAD
3.603005274342725,90.97822442864631,1.5686123237608594,1479.727398592393,MOTOR_OVERHEAT
12.187248398127238,54.52483009285061,1.1187221064125057,1361.7678768181254,MOTOR_OVERLOAD
6.682538755538648,39.014306843820776,5.0066299801731775,1359.474412675837,BEARING_FAULT
5.103552750633272,38.59917660382609,1.0155094964285845,1429.5484238142983,NORMAL
5.714685771853319,46.45479260137185,0.8360386620914866,1469.3473860153717,NORMAL
10.086345284265018,56.06030440890183,1.291801775130868,1600.6179828405548,MOTOR_OVERLOAD
5.923794259247858,54.55935364421795,4.620324838847106,1375.5562153174328,BEARING_FAULT
6.5847832864008105,82.06651204997969,0.8610126098278087,1506.7750458435912,MOTOR_OVERHEAT
6.579403815195718,78.87900113645664,1.5657399546313455,1369.6242704448275,MOTOR_OVERHEAT
7.056156865199091,75.48429507054298,0.8497043776393353,1486.5512635783218,MOTOR_OVERHEAT
6.073600347772479,57.79263874767574,4.311268028243261,1354.4395067492737,BEARING_FAULT
4.852543099992259,38.70988699999024,0.6903903264515268,1496.575708090354,NORMAL
5.125477461882491,52.55512790203933,4.418986750817931,1123.237191488664,BEARING_FAULT
5.653530498026475,53.91709444222389,0.7765051183823075,1504.6052547003123,NORMAL
5.921940260126015,79.7568257051692,1.686219757052881,1606.3352822104903,MOTOR_OVERHEAT
5.802438864465646,36.00086488819357,0.9705779294402477,1548.33051301922,NORMAL
5.830817016961394,87.59136819935144,1.6847174281758377,1539.8601468158815,MOTOR_OVERHEAT
8.879737102627722,59.057755726578755,1.8700317330501783,1436.8680677039736,MOTOR_OVERLOAD
5.421738854371122,43.42049108187995,4.319811555010423,1332.1905946089703,BEARING_FAULT
4.558342795479806,54.334184885806735,5.20983605463447,1637.9465342326312,BEARING_FAULT
5.952965664289557,44.47989575400604,0.8388709031301661,1490.7576128040205,NORMAL
7.19034016136918,90.30847963481081,1.4211518812034105,1625.262822177209,MOTOR_OVERHEAT
5.333349253190075,47.207435086125166,0.999664083400633,1480.9700352274954,NORMAL
6.043483342693056,42.6948284140504,6.834566337737513,1413.0529414626653,BEARING_FAULT
5.460390344276736,42.88291077320043,0.9491347852898668,1525.295047702632,NORMAL
5.011958904641907,30.56097829190168,2.988374032019169,1515.8277684393397,BEARING_FAULT
6.799221945077887,50.840871123906695,2.582811129325399,1362.195654309549,BEARING_FAULT
5.364203913110102,106.45309626526344,0.9941239269064177,1407.094620466418,MOTOR_OVERHEAT
5.481386141600591,86.4057548782317,1.5619665335183697,1487.8904172671707,MOTOR_OVERHEAT
5.230026267909483,42.62711926051856,1.2457312506736415,1498.4897986220587,NORMAL
11.375446508997259,61.72452892384454,1.1987085189530213,1401.176146022355,MOTOR_OVERLOAD
4.876902986680373,47.2243010952926,1.1513333942987405,1525.0084772231787,NORMAL
4.705414839989232,53.55251206831821,1.4958628690373312,1577.1777784735639,BEARING_FAULT
11.757901273899156,64.70263486873618,0.9806660885044693,1237.4453447965038,MOTOR_OVERLOAD
6.184378073964119,44.81268509076645,2.748926673715189,1411.322604689475,BEARING_FAULT
3.901456504491482,38.458147006168566,1.030741710130947,1504.2862029135729,NORMAL
5.286517602360077,37.89440681463082,0.9116293736015166,1497.3522946924495,NORMAL
5.797376354262194,48.31648428426421,0.9284690947059092,1438.5491074382303,NORMAL
4.761599167638061,35.69780301254217,4.834367712376579,1511.5333785412727,BEARING_FAULT
5.828211100022525,102.9801126336313,1.3608104805884282,1507.758993774738,MOTOR_OVERHEAT
12.148013804204428,50.80294703465346,1.5563576634168494,1388.0613531856009,MOTOR_OVERLOAD
5.667779534996158,40.48818790597733,1.2571631060669837,1497.981037088743,NORMAL
7.39363354460944,93.93956743530646,0.19275244703086392,1462.4421581432368,MOTOR_OVERHEAT
4.797604902758897,39.03157665810803,1.4341176088093306,1489.0403294041198,NORMAL
10.598308139487226,65.64754399228804,1.406169618255843,1353.998424283647,MOTOR_OVERLOAD
3.9766086703906898,42.2151517936804,1.0356389619708706,1436.721899302484,NORMAL
12.195415535042322,53.54518263745853,1.6032625047098392,1395.630809531995,MOTOR_OVERLOAD
8.914231349554107,58.593492872578665,0.8465233257812798,1373.5306878556446,MOTOR_OVERLOAD
9.655332265813591,41.368266216244436,1.1184969060949015,1369.4795184237032,MOTOR_OVERLOAD
6.7879749937141485,79.21239273588296,1.4089266309899067,1513.231491781019,MOTOR_OVERHEAT
11.32354807082893,62.02368586303852,1.213829378605817,1476.8822141295925,MOTOR_OVERLOAD
10.661649468397094,52.568949659538546,1.9456984377499587,1401.7045992284088,MOTOR_OVERLOAD
3.9279754931791535,37.591352578395195,1.330111204209167,1440.914281395503,NORMAL
6.17557976237101,50.18541805574925,5.503921440535903,1454.6216022623787,BEARING_FAULT
4.3419286529272165,43.35140248617213,0.5253498951619247,1466.247600859011,NORMAL
5.812744441475305,45.402468838824696,3.8575694360748787,1315.6028720633933,BEARING_FAULT
5.166886235872776,42.93395703135667,0.9923082818956978,1502.839788616998,NORMAL
4.673902695240419,46.9948777642789,1.2758271029940955,1565.924486472955,NORMAL
5.513008644322462,84.3021732907877,1.4170060249327523,1508.3146002694727,MOTOR_OVERHEAT
14.18251247759891,51.731146634160474,1.207945522755345,1354.194667870301,MOTOR_OVERLOAD
5.927451302617585,54.56013166631925,4.890192903649799,1425.1858021893122,BEARING_FAULT
6.048417541178258,55.73983777094112,6.1115911829167535,1441.535585620549,BEARING_FAULT
10.173774623999309,62.62588953515889,1.9734992490499939,1276.4016112950717,MOTOR_OVERLOAD
4.730861475182987,48.925918997232465,1.073404577646205,1552.2799821361607,NORMAL
5.699184521328306,41.54725735062289,1.3534554558451553,1514.0523870395168,NORMAL
5.504184882474437,50.21426027123235,0.7605539926735498,1448.2598056264649,NORMAL
10.501105008842732,65.94842179376352,1.3587500692487275,1337.0787908800735,MOTOR_OVERLOAD
2.81095230487113,53.003852406360615,1.3507810327210514,1498.3962035158227,NORMAL
5.585204594824703,74.37128421092677,1.6176904642549033,1427.530002849473,MOTOR_OVERHEAT
6.082789330784252,93.18461857482335,0.5219152097839662,1441.1033575553738,MOTOR_OVERHEAT
6.530493774264828,55.16303173025939,5.311142353138849,1362.3188300753468,BEARING_FAULT
8.27631929804058,78.55891954039933,1.1822469030689133,1362.0028285066676,MOTOR_OVERHEAT
5.381916017673285,83.96255739525006,1.7807254905082828,1483.384891721551,MOTOR_OVERHEAT
5.35689487218662,45.69199439410094,3.1171557887942294,1493.2722717412914,BEARING_FAULT
4.892464024730147,44.58016737599931,1.2362448113156574,1516.1818077234464,NORMAL
11.552015054741778,58.79511631496835,1.046977585461081,1396.9551901246393,MOTOR_OVERLOAD
6.086968674985545,73.20397362787703,1.4056273065837295,1528.7801085230078,MOTOR_OVERHEAT
8.113750848239,86.64579589863233,1.229498297945724,1420.9033890490894,MOTOR_OVERHEAT
4.175062514978011,43.07107008518832,1.1652773142680621,1486.502809835753,NORMAL
11.136940658263182,55.55615996608909,0.5289915457133012,1476.8364061977336,MOTOR_OVERLOAD
10.892831895428593,65.8625770049891,0.8061990880829555,1394.8239934760381,MOTOR_OVERLOAD
11.999430923769715,51.77803657204769,1.9185735584624206,1318.0619783121567,MOTOR_OVERLOAD
11.676630925555733,66.7710451563616,0.5513194054402255,1421.6235957366264,MOTOR_OVERLOAD
5.248275390314128,40.93110263559343,1.0830459187992463,1443.1295172381153,NORMAL
4.145759338760564,44.82968551582222,0.8191065062298989,1476.822396576732,NORMAL
7.99648814767838,96.79418115807778,0.6897705676727821,1458.6158595849286,MOTOR_OVERHEAT
12.056971748330971,48.4812601326868,1.6458340782110625,1485.0026813047934,MOTOR_OVERLOAD
4.582434432997578,50.299822717526524,0.5543313990306786,1540.0733587819764,NORMAL
5.58230760578112,49.91472088054758,3.891275713429159,1383.5396316848262,BEARING_FAULT
4.897755451301477,41.762054724428936,0.9657033495985757,1543.2549917574859,NORMAL
6.979618323646939,81.28200454149687,1.6382883566129673,1328.3242252844134,MOTOR_OVERHEAT
8.686708160931873,96.62674137842583,1.4896583457471984,1388.0395325891732,MOTOR_OVERHEAT
6.78334569611688,56.49746473360245,3.266753755564143,1451.5201496851328,BEARING_FAULT
6.051643539927378,81.30026755694932,0.6647692270193574,1527.378860487351,MOTOR_OVERHEAT
4.919706221290375,51.95859216772405,1.3253759174391535,1464.9374070326721,NORMAL
5.64022816691514,39.55958415176252,2.5771736796706026,1565.5476185731866,BEARING_FAULT
5.263781963610196,49.995031089642026,0.5173579872190085,1499.0630816319674,NORMAL
5.510771344906873,40.526776731173825,0.8137535842958235,1609.5801653243323,NORMAL
5.488422770439804,81.6714125112855,1.2495700708341662,1633.2310466185195,MOTOR_OVERHEAT
4.757499870753751,52.90425713133756,3.9918382749378383,1397.1647321508012,BEARING_FAULT
4.864499088116924,41.943697310023325,3.1897864596862116,1384.9833313070385,BEARING_FAULT
5.469603517529867,39.32402200956621,4.968569571974657,1744.7918416976177,BEARING_FAULT
6.96105597814514,71.77736801070134,1.2486622639627902,1503.5102649958294,MOTOR_OVERHEAT
12.26918786885841,47.88113976285914,1.4569995748006455,1426.3454185556348,MOTOR_OVERLOAD
12.34282760333927,56.20308465525031,1.2786628151013089,1328.7513362393931,MOTOR_OVERLOAD
4.799525935579513,46.19004428474222,0.8697398700223343,1478.0661784853992,NORMAL
5.970368757130488,46.95880625490178,3.7565752275754822,1604.3226668766174,BEARING_FAULT
10.525824042727265,86.28587784332049,1.1538897660008098,1457.6113436232256,MOTOR_OVERHEAT
10.962058601652572,64.2934222910295,1.8530082569632904,1366.9107318119434,MOTOR_OVERLOAD
4.5489464913118995,41.8782661814222,0.8545030827214828,1554.1037563902619,NORMAL
11.431071064465325,64.21824545535388,0.5352739360993981,1391.5214560008972,MOTOR_OVERLOAD
6.194509112340103,103.91377553991718,1.296450514636891,1461.2051328806922,MOTOR_OVERHEAT
6.866558803549689,91.68160392621985,0.8493914398547908,1456.027293224979,MOTOR_OVERHEAT
7.206392951682336,82.94864157618682,0.5905250260466491,1549.9129829245217,MOTOR_OVERHEAT
4.687646952286753,46.28339858529843,1.3713651063756191,1482.8978207468192,NORMAL
12.694955591161335,44.36093421927325,1.9839597023709534,1285.7733093669347,MOTOR_OVERLOAD
5.083466428312643,53.89472095886413,4.91182890694963,1314.917266056446,BEARING_FAULT
5.17759639381226,38.69752269131754,1.771755231090919,1517.688882481464,NORMAL
4.781232912338051,52.097872107005024,3.1807757922116275,1572.61417408535,BEARING_FAULT
5.260930562878189,44.82746564143637,1.1076388251718763,1517.9086012038026,NORMAL
8.547406563859937,89.46006690717341,1.917607652642304,1516.3486480682272,MOTOR_OVERHEAT
4.810254444593851,43.50063414840956,0.6667206714352838,1542.4130881911879,NORMAL
5.972963767936385,89.40847276999695,1.847073667713915,1511.8970920482025,MOTOR_OVERHEAT
3.1204803497938407,47.06789653020394,5.076566112630922,1383.9982351065946,BEARING_FAULT
6.631957301329239,89.81960218680389,1.3806266267186675,1568.6970753630694,MOTOR_OVERHEAT
6.943886630316726,85.56684655544993,1.263766395309239,1395.6587578109252,MOTOR_OVERHEAT
7.535989473385922,80.9618192346659,1.6831070047057817,1441.131846497013,MOTOR_OVERHEAT
5.224386209040134,39.51810281544772,4.385361469195632,1599.8663725473043,BEARING_FAULT
6.706857317275793,89.19362262315677,0.8668264544021616,1567.517010837821,MOTOR_OVERHEAT
5.899586021831199,50.928540187738186,5.411198077520929,1130.587164004237,BEARING_FAULT
5.095994968144063,45.59450838121133,1.1523185354914758,1507.0847932002011,NORMAL
5.906106739605353,48.62705203466618,5.345139624479404,1477.705824251156,BEARING_FAULT
6.800085775838567,73.51170338842908,1.3726305611039697,1483.288591589398,MOTOR_OVERHEAT
4.552341046008492,38.36665773767102,1.4438771120952805,1480.9246390786689,NORMAL
11.86599911267702,64.61479908620835,0.652106122475304,1387.4566567443396,MOTOR_OVERLOAD
5.232621884757209,42.095939609196094,0.46797563835709577,1472.5224951333662,NORMAL
7.08775636583286,49.37071528649713,3.6913155737168455,1444.1921040284403,BEARING_FAULT
5.330800203122518,43.35242168424257,3.3359320338307494,1698.115015537542,BEARING_FAULT
10.365628616266246,54.46437484561602,1.660258833142176,1486.3067931407952,MOTOR_OVERLOAD
4.2063802325873585,51.31674201192653,1.2612468311099916,1553.1391524316693,NORMAL
5.139296793840032,45.40770354949063,0.7709682048068018,1480.3101164493846,NORMAL
11.262228990531211,62.626217300558835,1.3990227938755178,1349.6524311548483,MOTOR_OVERLOAD
13.63932090417395,56.47299367956031,1.7042096081306852,1293.430605647211,MOTOR_OVERLOAD
9.9974379750507,60.20286626131723,1.0348591111453178,1325.0280634789492,MOTOR_OVERLOAD
5.265527374522431,45.28167650930916,1.2615926499157022,1428.5309362462035,NORMAL
5.9419396653975305,41.5185274369641,3.7689981461499333,1484.280750011712,BEARING_FAULT
8.05972713250129,80.60653528352547,0.7919150757747053,1547.9818491232986,MOTOR_OVERHEAT
4.309764180732172,88.11504592798708,1.4272367303948796,1413.1552842879967,MOTOR_OVERHEAT
4.263895275910687,59.35319628422961,4.870788669809869,1607.7583135293244,BEARING_FAULT
4.788719869707062,43.542246990942154,0.5584562946027443,1500.5294669120667,NORMAL
7.066407882671606,87.69715369499043,0.7253834769428827,1503.8090876188674,MOTOR_OVERHEAT
11.146389891277721,63.52798118726611,0.30002771036704146,1393.4891836414226,MOTOR_OVERLOAD
4.899843241934861,43.87759821264775,1.1361986894340876,1503.1869095707025,NORMAL
8.695872561432914,57.93225491823502,1.5971309359822214,1384.75501484344,MOTOR_OVERLOAD
6.999319568353789,90.46313726427049,1.3004687302404576,1416.7927253314147,MOTOR_OVERHEAT
15.906539183321884,66.12301328075864,1.3082034256065338,1446.150824847892,MOTOR_OVERLOAD
4.952162261685915,45.381756153950946,0.801679271257858,1425.9030834004418,NORMAL
4.690617016598959,40.376118230345526,4.8932880399422904,1734.7137226776283,BEARING_FAULT
5.563668995866184,49.006018012274055,5.648782049895157,1235.3281307622271,BEARING_FAULT
4.946482457754693,82.13254919759015,1.1711187924645394,1467.484060117998,MOTOR_OVERHEAT
12.265908606337334,46.38399322549522,1.622838846261985,1411.7992523546352,MOTOR_OVERLOAD
13.488345751416968,55.65537434720007,1.5330985762632396,1345.7057870483218,MOTOR_OVERLOAD
5.613624823200912,48.175031566406446,5.152471385746414,1381.9142092092495,BEARING_FAULT
7.956688850916263,86.91350420798392,1.8840718191865067,1542.1983150754606,MOTOR_OVERHEAT
6.256250053064718,78.3955254117447,2.1163606982531444,1486.1857619505881,MOTOR_OVERHEAT
4.296817044259523,45.4057897226002,1.3422438368084142,1549.4313157197657,NORMAL
4.0386442753646445,43.73024578064927,0.5401405364941878,1575.1351652797252,NORMAL
4.849810108034617,75.19263779159954,1.118333680588541,1473.4555030614868,MOTOR_OVERHEAT
10.29361788403271,63.35424024706872,0.7551002080530161,1318.164005745543,MOTOR_OVERLOAD
8.470489965483978,90.06267707534596,1.1779188665607365,1490.9829760490281,MOTOR_OVERHEAT
4.756150990169231,45.811100193009466,0.8519595372538373,1522.8743673054685,NORMAL
4.886410188040576,81.82442167628103,1.1641740931035853,1427.6442381871802,MOTOR_OVERHEAT
7.3427838245063635,90.3500033465901,0.9382494103935815,1435.4619329419686,MOTOR_OVERHEAT
4.422710901710512,54.773462530281435,5.702648897325438,1229.955606136988,BEARING_FAULT
4.379415168995361,46.152876252361295,0.499589620033271,1525.804507506445,NORMAL
4.131123644350971,45.100514844864136,1.6818975477938167,1529.0283193327489,NORMAL
5.248334171223616,42.89313843221517,0.9434241600981971,1531.2851295637895,NORMAL
10.476840978198046,67.32138801096538,1.3649624203370907,1281.9058581350505,MOTOR_OVERLOAD
9.5830581002126,60.36049483108314,1.627762448345918,1159.8617726488528,MOTOR_OVERLOAD
3.8731787368256354,48.72024997698021,4.232940939783805,1668.0307196886024,BEARING_FAULT
7.484641488333262,83.25899969524583,1.0863048816198486,1476.2130585202135,MOTOR_OVERHEAT
10.150716087709998,51.704218984517155,1.08654630033626,1458.0903244892443,MOTOR_OVERLOAD
6.186129196132855,49.90022177733923,2.2144214573952667,1557.6337618941498,BEARING_FAULT
10.7640232507273,57.706938485595934,0.7671416977233417,1476.892577097428,MOTOR_OVERLOAD
10.419974536267576,60.798956900497046,1.1152027990582956,1325.3063372465679,MOTOR_OVERLOAD
6.245152727454696,45.494071746951484,5.481124087226097,1652.7714975516942,BEARING_FAULT
5.9240060977662266,96.26743591616366,1.700287424035462,1592.9724205879465,MOTOR_OVERHEAT
4.1811550086790605,46.94037547398845,0.5200151997746966,1467.8340015370015,NORMAL
5.154937293993617,36.461225330092574,1.3247055789375206,1438.3858249660636,NORMAL
5.9474547538462605,41.95210216675897,1.1443085994290967,1534.5235007218141,NORMAL
4.643359788680759,46.562122385278066,1.4649671698387379,1542.5724874498874,NORMAL
4.626776434747535,56.92231442409919,4.420773953839512,1391.3297123845512,BEARING_FAULT
6.591109259483246,43.40562880486608,6.341979841367349,1484.8664641008954,BEARING_FAULT
5.727161292860235,80.98326557694932,1.1307183288227431,1550.3085208429018,MOTOR_OVERHEAT
5.1572214872446285,46.366034742147214,1.4420239244325268,1514.5305231699012,NORMAL
5.644987323503875,46.500862876509714,5.352522214781514,1309.124045185583,BEARING_FAULT
4.824697288517867,53.01403764160537,1.2913019007877564,1483.7546541811605,NORMAL
7.13553599093401,82.6389909451063,1.375941196920047,1490.8077666283486,MOTOR_OVERHEAT
7.113095690775083,98.93482856077227,1.296153276957437,1425.9850013259095,MOTOR_OVERHEAT
5.751267286184196,86.1825519703112,1.118772673624568,1393.5259999981588,MOTOR_OVERHEAT
12.272774158082756,58.39463005112597,1.4532676090624772,1323.4413546529508,MOTOR_OVERLOAD
5.430223451602246,44.25429106232787,3.713170093203514,1629.2728457067517,BEARING_FAULT
8.278016076807287,84.66738119460213,1.0024289467841148,1570.7490067998642,MOTOR_OVERHEAT
12.921416313170637,49.464396107301894,0.7402377126870315,1391.3503329426462,MOTOR_OVERLOAD
8.433814398745675,88.48304792285937,0.7449207792033242,1438.8371885704346,MOTOR_OVERHEAT
10.928368072267189,64.80719469218332,0.8984549665529942,1444.9475534590858,MOTOR_OVERLOAD
10.510064999648295,49.98725889784076,0.6092138057694136,1313.2576319331713,MOTOR_OVERLOAD
11.421809683884357,60.71153370036189,1.1668973206680502,1446.6774501305451,MOTOR_OVERLOAD
5.487494308349356,50.87509202674802,3.175631030732447,1533.175612621616,BEARING_FAULT
5.006855633336396,38.94098089682584,0.669801620729692,1489.7934329991417,NORMAL
6.458937757650693,48.178241650561866,4.982598641343137,1433.3174314400997,BEARING_FAULT
5.324407787940007,51.511819881259925,4.50321255301187,1724.5073744730303,BEARING_FAULT
5.847839962763055,88.70590950259427,1.2057756150950474,1549.7713781989803,MOTOR_OVERHEAT
4.936875372459573,48.73890070870895,5.940664798688758,1569.9984180451627,BEARING_FAULT
7.878886699606211,78.64971819079253,2.025194730509229,1544.0087215760052,MOTOR_OVERHEAT
4.406277127980881,35.72155709299513,0.9003494410482984,1621.2704966044253,NORMAL
5.6480288378922445,45.193928897730736,5.880701732391631,1331.7404910728221,BEARING_FAULT
5.219918844342338,44.909258898697416,0.7894699161199652,1461.7875396472077,NORMAL
4.996926879967957,50.9396751469354,0.9354552502686613,1540.990269350031,NORMAL
13.971799998030445,53.63211708781531,0.7181447509880242,1373.2277713854717,MOTOR_OVERLOAD
6.446814848282922,84.44718073287765,1.008331744939548,1555.4367340680644,MOTOR_OVERHEAT
5.0339177864830145,49.69925324609222,6.846673006281226,1429.847620625256,BEARING_FAULT
10.067246014093392,46.86387586067926,1.351616931434894,1517.5656556609208,MOTOR_OVERLOAD
4.463163788626504,52.841938403132104,0.4431065298656629,1542.3421126456726,NORMAL
3.8648322480128536,40.74210901549531,1.035094070207166,1448.8516012889252,NORMAL
6.411226320622447,86.50413321527279,1.0386116478471008,1527.6435078716272,MOTOR_OVERHEAT
4.395774084676843,57.43650336365595,6.2547805599445905,1640.4244739809135,BEARING_FAULT
6.143036128438682,42.65071694894488,0.9496377791721067,1444.690473188055,NORMAL
4.3061914038408,44.38789649517515,1.2903996413661594,1582.1818037848311,NORMAL
4.312568169970794,50.746791138493386,3.8346075068452254,1613.6881266894973,BEARING_FAULT
6.236178902314447,40.35635217445304,1.0123540061047533,1597.852714356413,NORMAL
6.529596771564202,41.676920473578654,0.7041279668450208,1547.6240271547167,NORMAL
4.697266449945299,89.49576505061809,1.6466392143312456,1513.9879314871728,MOTOR_OVERHEAT
6.277081839461099,43.98156732093588,1.3903475045956093,1522.1918608690125,NORMAL
6.697330130946021,92.41863097451957,0.587109448480041,1572.548912010649,MOTOR_OVERHEAT
5.767130616771412,79.83625275550853,0.6569434991258469,1507.9241696386953,MOTOR_OVERHEAT
11.268757661901311,72.4674642378381,1.6535139845047846,1410.6730465256658,MOTOR_OVERLOAD
6.793659291151709,85.92220702236318,0.7500765532532343,1436.1771923961242,MOTOR_OVERHEAT
6.12930492812243,40.230418678230265,1.2695665840427848,1535.534300993386,NORMAL
9.368746820357824,59.21390908335013,1.6681657993362446,1422.565759698184,MOTOR_OVERLOAD
4.394878374834136,41.78703963219318,1.6061919096327495,1541.9581146544576,NORMAL
6.678611840894783,73.55271007915603,1.1084615210184898,1442.7507071882146,MOTOR_OVERHEAT
9.908639477267908,58.66108346668815,1.9857521281426411,1327.4950805639596,MOTOR_OVERLOAD
9.660901686142987,49.70343036344305,1.4882598344416287,1419.8715252037232,MOTOR_OVERLOAD
5.965399759732867,92.53038645595005,1.0749820726717483,1549.4795831547751,MOTOR_OVERHEAT
5.141165666952958,43.99050350006207,1.2471162781131377,1469.38018795831,NORMAL
7.605992275127961,71.95603796068981,0.9317946079232505,1453.5440342474262,MOTOR_OVERHEAT
5.6306013012305645,55.57514812190353,4.342787478535933,1342.6883986186601,BEARING_FAULT
9.487928193688958,50.648015910504405,1.3430745277979879,1335.912536613165,MOTOR_OVERLOAD
11.143543066394384,70.10685622963535,1.7348348757009737,1395.239957737061,MOTOR_OVERLOAD
4.387626188291998,47.02633261676102,0.7505431682000872,1431.664004281866,NORMAL
4.331967174846891,48.89527628686923,0.9358140568417566,1553.455178315073,NORMAL
5.842975738324918,55.01255361022374,3.696663868166992,1500.8784803691465,BEARING_FAULT
7.654732102545163,83.60289155185313,0.9526030687327453,1470.1302481556247,MOTOR_OVERHEAT
4.914114975188306,53.38903708663591,2.72618775365148,1451.1005613746684,BEARING_FAULT
12.226567409394368,71.87098675385698,0.9628750911129558,1396.3890095589725,MOTOR_OVERLOAD
11.34408149223869,66.50166649474389,1.9895575312495448,1158.689500278383,MOTOR_OVERLOAD
5.407348137843137,41.17749933039441,1.0306769978942247,1535.559327216186,NORMAL
9.278145687214987,59.77701750777244,0.9732608390498181,1391.6114089773573,MOTOR_OVERLOAD
4.479796846205944,49.107622985282475,1.0672868198250773,1487.3550051212605,NORMAL
6.372234204080087,51.85024841632721,2.3400414404226586,1427.7242807558375,BEARING_FAULT
4.4474897613145234,51.83977581604829,1.1916278145027932,1492.046735880845,NORMAL
7.86071888754091,77.79114697555714,0.6264271202021615,1483.1923259469338,MOTOR_OVERHEAT
5.931187329917142,90.31511835886805,1.2152328650900088,1411.1773657480762,MOTOR_OVERHEAT
10.527595038864282,66.86085178718925,1.3584526563827792,1467.1767949247974,MOTOR_OVERLOAD
6.098276155923488,49.129990844572205,3.02694117884138,1251.5916512491312,BEARING_FAULT
10.818457376330036,61.953463506885235,1.100723030626252,1465.4422202979017,MOTOR_OVERLOAD
8.756509623686949,54.070626152140164,1.3410759083817865,1517.1141123611467,MOTOR_OVERLOAD
11.614903377470851,70.69377898037503,0.9928817761074256,1435.5514722862138,MOTOR_OVERLOAD
11.531718432493186,52.668492251458225,1.6037335085833875,1403.373895931292,MOTOR_OVERLOAD
10.8003853369831,55.37783615433999,1.3834663595855932,1366.7605868608644,MOTOR_OVERLOAD
4.543097814274595,53.33272446585503,4.305119976113132,1349.5246808600425,BEARING_FAULT
6.69384079441051,70.86916015298362,0.4565444663684075,1514.8050500541126,MOTOR_OVERHEAT
7.262342559431449,77.7566384161459,1.3729770417474734,1512.621243461981,MOTOR_OVERHEAT
6.938405203382369,83.52129704272105,1.3751896752829431,1381.2259415299118,MOTOR_OVERHEAT
6.173497803109474,90.09310835210579,1.3536426092606388,1488.8199645077552,MOTOR_OVERHEAT
10.670609016111861,55.13101045290308,0.8664414841577399,1417.8891925151765,MOTOR_OVERLOAD
5.034362654310339,50.149486040338004,6.271772887100067,1465.7555614041762,BEARING_FAULT
4.825937536738433,82.57034772519371,1.032711297812367,1508.442059834459,MOTOR_OVERHEAT
7.8363847374319215,74.96868661021925,1.8003399859318998,1342.4619175224889,MOTOR_OVERHEAT
6.1391448696473905,54.872683047300384,4.4271717588821025,1635.3920408401088,BEARING_FAULT
10.12471493181344,48.94975967600892,0.9033798749701221,1342.1593965821437,MOTOR_OVERLOAD
5.48447937144014,52.839872294121655,5.080505253318059,1434.1487674340185,BEARING_FAULT
6.663558011395268,75.25532438629206,1.5047756588981773,1477.0826508848036,MOTOR_OVERHEAT
8.400048433027882,50.17590245663247,1.8148369039787648,1434.7935743615958,MOTOR_OVERLOAD
6.084525284649694,46.02245911395296,4.659627504633196,1541.0713699941525,BEARING_FAULT
5.827353848810507,76.95017757113192,0.6274898491320932,1507.9470954230815,MOTOR_OVERHEAT
4.948013846873914,92.52449841210449,1.7692174957754867,1458.9980368285733,MOTOR_OVERHEAT
5.549810003123988,83.81214783403625,1.1614941232354719,1519.6582638380094,MOTOR_OVERHEAT
9.983689980639651,57.051872627518954,0.8657719060337988,1454.799845821346,MOTOR_OVERLOAD
7.857777550304,82.0898989996058,1.0858474236822848,1441.020546975512,MOTOR_OVERHEAT
10.804408641620704,63.56350304407532,1.3296974538768092,1351.5050441892693,MOTOR_OVERLOAD
4.658246238938922,53.0060792549575,4.368912790503604,1658.3830551484361,BEARING_FAULT
6.236623324552026,91.26449384014474,1.0742776579217495,1388.5103210029647,MOTOR_OVERHEAT
10.079686161066276,46.83166146867387,1.2037318885457116,1468.7516872392337,MOTOR_OVERLOAD
4.755833750736465,47.71409580560011,1.4587940436901885,1566.5693300599055,NORMAL
4.898168122147773,42.667539710789235,1.2402157365008966,1531.6030219788893,NORMAL
4.039316987333478,53.49242578529877,4.718333314211927,1460.0506512700722,BEARING_FAULT
5.0727067695796775,44.63383992232717,1.6993074014674212,1490.1711690535121,NORMAL
5.687696132071723,45.89909180320579,4.935970655602388,1245.4818311780625,BEARING_FAULT
8.165221011454822,54.7677286207056,0.7485743425591564,1365.4368368391376,MOTOR_OVERLOAD
11.524657726572588,58.07832355405264,1.6567590302028383,1384.7424097753517,MOTOR_OVERLOAD
7.942084240141387,59.128444205794224,1.2023252323593325,1301.604440939342,MOTOR_OVERLOAD
5.130496586290463,60.66455530642665,4.41400313371581,1298.746094298619,BEARING_FAULT
5.549541525413607,48.54703621761895,1.2371180430898516,1501.6482426712648,NORMAL
4.632596865930325,41.14005236875716,2.6746484647379627,1435.3666807671143,BEARING_FAULT
5.580967012754888,46.778907272780934,0.6721314276703751,1487.3684205537998,NORMAL
4.853824018920573,56.91385455708885,3.418087833365624,1444.5585957226065,BEARING_FAULT
6.517806621486645,87.15667574159856,1.3016524304892405,1484.0058472883732,MOTOR_OVERHEAT
5.175749645767706,49.21498843613957,3.2413225124425837,1334.7162048846849,BEARING_FAULT
6.429463216456539,48.33341470394201,3.3846630988174677,1078.0866150154486,BEARING_FAULT
3.92983332217149,44.422862485918984,0.7917870028427074,1546.7898472394206,NORMAL
5.29172005533414,79.67935700928238,1.126170745705993,1442.6158558025872,MOTOR_OVERHEAT
4.898321318134426,49.021122671880086,3.97621309043471,1475.5901015826003,BEARING_FAULT
10.406534668810998,63.08710975780075,2.120725102375583,1327.0145500357103,MOTOR_OVERLOAD
7.184498402868645,93.67844816024925,1.3057747122529981,1475.6682678041975,MOTOR_OVERHEAT
6.62149250210658,50.950124663408026,4.989904594256389,1548.3632435227134,BEARING_FAULT
5.977889517855813,85.68272450750918,1.0752694302017534,1447.4893546372075,MOTOR_OVERHEAT
6.925663812636765,91.3331040510948,0.9353616252552875,1448.9754888046386,MOTOR_OVERHEAT
4.823732647908722,47.20080998410576,0.9739120073181937,1503.1380052311165,NORMAL
5.704894697520255,88.2918893410514,1.4800240285313497,1436.5947836998446,MOTOR_OVERHEAT
5.866019634624716,52.67484152970209,5.5149663884940905,1483.831467815578,BEARING_FAULT
6.798184664508519,43.44989519210523,2.756330164380373,1313.47254022114,BEARING_FAULT
5.12696583967703,39.90152639193798,1.4927980880308702,1504.6072353261115,NORMAL
12.66151600922564,52.09570886188489,0.9750395365773852,1498.1961037446924,MOTOR_OVERLOAD
4.2653185809676994,46.46145496825507,0.8594722906301626,1471.0705725623664,NORMAL
5.944067399676847,58.13400441253175,2.4069598471391758,1209.8582843909464,BEARING_FAULT
5.205720050373661,85.5233579112641,1.1435103238912059,1507.3715582448585,MOTOR_OVERHEAT
3.6496758947986354,87.97158494101939,1.2352742571335202,1482.8031546870523,MOTOR_OVERHEAT
5.810789546239336,56.7956646757648,5.055669552507052,1480.624452298574,BEARING_FAULT
4.5930801187835,45.67520252958293,3.822529396281605,1177.9296479375696,BEARING_FAULT
12.113907438852937,68.1389357226461,1.6533406551035168,1420.3352541246127,MOTOR_OVERLOAD
6.077129898847435,52.487097473782704,4.210433180780075,1549.5701942486749,BEARING_FAULT
6.510484422520352,47.91485693629738,1.0452764580419487,1463.4169488669058,NORMAL
10.36597552272151,53.90154635674593,1.275580805715637,1494.397259156607,MOTOR_OVERLOAD
5.382482541590673,41.162288987432525,1.3136920360627797,1446.5711796278172,NORMAL
5.762593793887987,47.25745103191213,4.07054626650695,1587.7543205544634,BEARING_FAULT
5.116327211961194,55.21358056966343,4.220803808334404,1815.1799003273738,BEARING_FAULT
6.8946066998957525,50.731334597499306,3.6958431104072558,1317.6446018316747,BEARING_FAULT
4.421816933378718,54.498426200105726,1.0436890943031654,1493.3739809726392,NORMAL
5.428176600263035,48.02874197408303,3.366821839191057,1767.105345565413,BEARING_FAULT
6.331807954773048,91.14219075507549,1.9654415436306882,1458.3895081329445,MOTOR_OVERHEAT
9.04102644081859,59.02376250171449,1.2620765762440047,1313.7125789330614,MOTOR_OVERLOAD
6.872384191744197,54.251075260582404,4.632988229168294,1249.402223045072,BEARING_FAULT
7.63331326955821,87.43817068978616,1.034168887907307,1494.8911956686018,MOTOR_OVERHEAT
10.973603106116542,53.37302342740033,1.5175228991671625,1334.3991037888397,MOTOR_OVERLOAD
4.47310857984275,54.12653150910425,1.1832534749232564,1540.835312840099,NORMAL
12.35355112570298,63.77298725887747,1.1803306083241643,1446.1344187303928,MOTOR_OVERLOAD
5.443647603380569,42.460747344114175,0.7175387193310596,1567.0637919298279,NORMAL
5.263395895242979,46.615816082942445,1.0167818050397202,1505.528937018972,NORMAL
4.6534766675866095,49.53075928207836,1.4233950957630137,1596.7122214446579,NORMAL
5.72351217253294,45.346022167685845,1.474848834032,1534.7904474865982,NORMAL
11.437719151139465,61.1391966836185,1.0747599690078784,1405.822205595324,MOTOR_OVERLOAD
5.268994439583896,43.38563152592266,1.2609027270083473,1530.2100710390441,NORMAL
5.56861315515827,42.47053928175046,2.5806093592909196,1204.139968315665,BEARING_FAULT
10.46508278516104,77.07918693294108,0.7412508362868856,1234.7084155983082,MOTOR_OVERLOAD
5.142641361399367,43.91330246525083,1.1489029103022195,1548.6192966599078,NORMAL
5.89785791936037,88.79709636501947,1.5952786680949234,1511.453697143827,MOTOR_OVERHEAT
12.131965425758914,70.18223794455463,1.0257173515708107,1396.6282549029847,MOTOR_OVERLOAD
4.973404266635283,76.59173913881389,1.2884456897824006,1488.6392415586943,MOTOR_OVERHEAT
6.714859888894792,87.7681728430759,0.9502309431039366,1564.6422041913195,MOTOR_OVERHEAT
4.971641455513987,43.503441770024615,3.204247313365369,1409.1982388679799,BEARING_FAULT
10.882440457811356,61.92209625286791,1.892091947588523,1435.176591073171,MOTOR_OVERLOAD
4.829381697175943,44.94633685230077,1.098323940985585,1543.8208964598323,NORMAL
6.286289766052696,83.15006034106516,1.5718093348452453,1493.3942761704898,MOTOR_OVERHEAT
4.307690899052752,39.24619065153716,7.386131360788767,1411.4633233704135,BEARING_FAULT
9.021454724497232,61.215956829551345,0.5951527950109824,1382.4007265829298,MOTOR_OVERLOAD
5.029548996703431,47.3831412644938,4.664150107298753,1095.1698670908609,BEARING_FAULT
13.65726392373012,54.25575136072474,1.3505124548950278,1329.9104934640688,MOTOR_OVERLOAD
5.69492218001133,45.086570128190715,4.475813693966601,1540.9987562261288,BEARING_FAULT
5.230036318612097,48.66524576429827,0.7005929220118366,1409.6314448968956,NORMAL
4.390652551275475,50.15377699727301,0.8945425794570121,1455.0028257959139,NORMAL
9.420825405332506,54.76283518137763,1.59442245349535,1371.8877385595615,MOTOR_OVERLOAD
13.181777061438556,57.50000423802032,0.9794244880979215,1448.9083536206567,MOTOR_OVERLOAD
6.515763689751792,79.73453187849861,1.1653154928461587,1414.0295808010903,MOTOR_OVERHEAT
10.187599547849118,53.61572514879268,2.0957438234326444,1557.170841590647,MOTOR_OVERLOAD
5.469078257287132,50.84617657995672,4.348385276562528,1490.7619049401396,BEARING_FAULT
5.733524803204418,46.63931382931477,1.0389789562498222,1516.0771313231526,NORMAL
12.483596932063309,56.800722477410154,0.8325460456042513,1378.5914393584699,MOTOR_OVERLOAD
5.149449951254105,90.56842480743175,1.6109697709754527,1504.83045604851,MOTOR_OVERHEAT
11.640260720032138,62.66277075565317,0.9651865387104436,1398.4236115323679,MOTOR_OVERLOAD
4.530550199623132,46.640848062718206,1.2863044987275092,1468.409756795009,NORMAL
5.055275995060465,44.1310953671253,0.44164189464833314,1500.3197611819526,NORMAL
5.878505322394204,49.52190541641704,3.7832551249259216,1584.5254719783825,BEARING_FAULT
5.1883449268745325,48.851842292997794,0.6221760799881599,1504.0728245241319,NORMAL
10.887856154880037,63.34545888957675,1.5877100947681286,1226.8738502821543,MOTOR_OVERLOAD
5.007496471236612,38.825499189911675,0.8596071060027123,1463.7853914927266,NORMAL
5.556463088934908,36.943589620538845,1.3314821466873177,1477.7131789178761,NORMAL
7.937242457845234,92.87320939231215,1.1182807127445682,1423.99464773196,MOTOR_OVERHEAT
11.368920964094256,56.936352031096,1.5201052283760532,1414.1415742580723,MOTOR_OVERLOAD
11.367164425697986,58.18451529120942,1.2003861176224788,1353.3959885321467,MOTOR_OVERLOAD
5.848004302242721,52.755871907970636,4.336329867342429,1482.8368782333496,BEARING_FAULT
5.984253415375829,88.34214722887224,1.147388892700763,1429.9690784496397,MOTOR_OVERHEAT
5.39994360116572,39.41215176899547,0.7330629021108408,1515.7924508458436,NORMAL
5.271400370385884,40.34068761415584,1.0436544416006786,1514.0772308327464,NORMAL
5.6167990068513225,53.63365538662253,3.9690353637599953,1410.8289617861335,BEARING_FAULT
5.207983674778329,46.43034270667204,3.6017005556500084,1616.3690034472672,BEARING_FAULT
13.037276220657468,50.73535853484935,1.2618608646015776,1298.8999744474781,MOTOR_OVERLOAD
4.780631802123339,44.67100707981305,3.221223918652215,1369.0456322101763,BEARING_FAULT
4.871526014973617,49.486380006439354,5.9775034552272155,1551.6099820538805,BEARING_FAULT
7.267124832017558,84.92478800713914,1.209328025700286,1478.8216622502973,MOTOR_OVERHEAT
4.757076174462143,57.37528023615472,7.034215122576681,1562.203721152375,BEARING_FAULT
6.2001899084337175,57.256433522351756,3.4338424035193986,1728.281225780238,BEARING_FAULT
6.389578099491589,95.69216642185657,1.2043934530885998,1546.2212002570895,MOTOR_OVERHEAT
10.936542911491102,64.77748512536475,1.062737397064767,1436.4551934843937,MOTOR_OVERLOAD
12.119627329449441,54.789823274149754,0.8990768933397608,1362.3420862198795,MOTOR_OVERLOAD
4.933552671975543,59.52661598727416,3.621728452864624,1613.7979902244886,BEARING_FAULT
6.233415115376863,92.34285485889026,0.8027709881690316,1432.4423539212903,MOTOR_OVERHEAT
5.294460025396291,40.088337797232626,1.007334616575936,1466.487069648894,NORMAL
6.333204533907125,81.0427194987717,1.075038572726394,1549.1375495049947,MOTOR_OVERHEAT
6.759423887201011,43.320238495614404,3.383707937991484,1433.2460850243783,BEARING_FAULT
12.487841509550893,49.418480300545795,1.1102341618536622,1277.6491147353377,MOTOR_OVERLOAD
6.908351579441637,99.65440657639563,1.0315586218357744,1387.9564070067122,MOTOR_OVERHEAT
6.724340455442776,83.37226760387291,1.2106884066036432,1520.9660507384735,MOTOR_OVERHEAT
5.1075653809737895,45.01243420074255,1.0132651008700548,1507.4205322633898,NORMAL
4.7411963370562935,45.79854007164606,1.0424970092173078,1483.4557902902234,NORMAL
5.342878945847652,81.98777426269446,0.3490280047312859,1460.2582781918,MOTOR_OVERHEAT
4.712538097452812,47.56085463731503,1.042350705649792,1510.7109678997003,NORMAL
6.319900699020756,79.52371778458001,1.234643427910956,1651.7358146370711,MOTOR_OVERHEAT
5.449660339836644,50.04374929425194,0.5675947600797839,1485.677493217153,NORMAL
4.9093688734358425,49.06206086593172,0.8651549710690887,1480.285242087024,NORMAL
6.700050529063935,91.1348351731601,1.1968078416158034,1505.903451168046,MOTOR_OVERHEAT
11.668892522507681,59.175592386663816,0.8030166050170364,1444.3513068138907,MOTOR_OVERLOAD
12.46099450663923,64.70700640329834,1.5446317460083225,1289.8551199247624,MOTOR_OVERLOAD
6.432162526768719,53.58194120425026,4.496483489009687,1548.4724031231399,BEARING_FAULT
9.386870365071772,48.28680824031886,1.4541263805893965,1340.389534621545,MOTOR_OVERLOAD
6.954303305739806,77.93502229525436,1.241869455555485,1607.938273256283,MOTOR_OVERHEAT
4.941628040951906,43.50022124060346,1.1893824190364728,1492.9009005162566,NORMAL
5.676108455298749,80.05655584756845,1.3731425967408395,1542.2166046150571,MOTOR_OVERHEAT
4.467382606571264,34.0012959214777,1.5346881378114134,1501.6134562221876,NORMAL
5.80147060179214,44.06349785086835,0.9358609414450132,1487.509272215734,NORMAL
6.147636412440099,51.471217786338286,3.423388270313101,1709.579193267829,BEARING_FAULT
11.535363273823556,61.44612569967541,1.5740195854602057,1387.0279663219774,MOTOR_OVERLOAD
5.221013967620395,43.988474214728676,1.1954621861931878,1502.5977235020298,NORMAL
15.096933063739328,58.1894447336883,1.7416733528678772,1379.598747787211,MOTOR_OVERLOAD
11.892929090507058,65.23324338688172,0.7820132086102272,1316.7102826085916,MOTOR_OVERLOAD
4.55049082027143,50.92826767722635,6.2092561958655885,1447.8354616419763,BEARING_FAULT
11.939864584686505,49.58385593558146,1.989235957909004,1276.66709243339,MOTOR_OVERLOAD
4.895496359717026,50.09153107501865,0.430655650030067,1510.2677799617234,NORMAL
7.1902464768688565,87.89533919832228,1.2468008827112793,1501.12672400291,MOTOR_OVERHEAT
6.885059528737029,50.11449230237232,2.0095892836833795,1238.660736269808,BEARING_FAULT
6.318869317300005,42.87444704600023,2.983243148922284,1449.7893088476528,BEARING_FAULT
11.636372206182783,48.38635163589403,1.9487696511820927,1416.8888594896905,MOTOR_OVERLOAD
8.26706265564788,60.56061353330502,1.5825520585698343,1425.401454280232,MOTOR_OVERLOAD
6.367469605535556,50.3902910713121,6.514331093265858,1581.5603646251827,BEARING_FAULT
5.725003618590756,71.96406122391268,0.9357396618593079,1484.9310611240653,MOTOR_OVERHEAT
4.906017261405146,43.3530023292614,0.7784870257368676,1463.2916410199896,NORMAL
7.154210005211124,46.32872171611772,5.320341019861121,1454.7577199436716,BEARING_FAULT
4.398593611585519,43.916425491716254,1.0913306568441448,1520.6796188864457,NORMAL
4.786581010657379,37.78857521432847,1.0681488395162397,1497.9765039426627,NORMAL
4.0462595040146185,41.58496310965035,0.9536167724140273,1447.39883577849,NORMAL
5.7654829814239275,48.487910900771894,3.6088255925768524,1682.4129930609665,BEARING_FAULT
4.2967956844431106,44.504762822681364,1.0508421613579781,1473.0459324727776,NORMAL
11.105744343531745,56.00642706227755,1.2137746501349673,1366.9530889871285,MOTOR_OVERLOAD
6.693709466135157,73.71734212679,1.4807586710040836,1466.5054640890835,MOTOR_OVERHEAT
6.202024117190604,92.29649246007693,0.9856859387437058,1518.7127303862146,MOTOR_OVERHEAT
6.814595002031144,84.53791699228337,0.9909292451245061,1321.473852486668,MOTOR_OVERHEAT
4.506649989625807,50.31452426739774,0.8836636133352128,1488.6734668445397,NORMAL
4.850814010415984,46.25473312841784,3.724582366907673,1703.0231731842491,BEARING_FAULT
4.590570807157037,43.755906371590925,4.7843910040791915,1684.7221917807492,BEARING_FAULT
7.931246579290015,83.66076279960689,1.0506324871850126,1473.9631742400923,MOTOR_OVERHEAT
5.566312449135693,50.73987995612061,4.062071443520427,1349.2804359201384,BEARING_FAULT
5.153128050113525,39.81863526213586,0.9267013434461413,1516.8144850337048,NORMAL
10.38448890282258,59.790587417050396,1.4127318497674457,1275.0722363898776,MOTOR_OVERLOAD
6.825518802839269,84.18046337242995,0.8883934894394461,1485.8433565102107,MOTOR_OVERHEAT
5.9406721603584876,47.157459777458456,4.3056061728145885,1698.178605646874,BEARING_FAULT
5.330468112071268,50.63189777194627,3.7660741200667016,1337.2236290034584,BEARING_FAULT
3.8055128029256013,47.84790809196421,0.8355781200265531,1490.7421280924484,NORMAL
12.843987396973121,54.24351721856564,1.237384568913962,1430.4747957478855,MOTOR_OVERLOAD
12.908358292658146,48.75356202099164,1.465389317242202,1424.0783419550528,MOTOR_OVERLOAD
4.636999572314761,44.666204867093626,0.7125965197896312,1521.0480807249558,NORMAL
10.349859522827737,66.5579618614002,1.587339184532335,1362.0650707316208,MOTOR_OVERLOAD
5.888873328595384,46.507791142781485,1.4440297611141748,1448.7259500908533,NORMAL
11.67246455863457,54.69990652976467,1.9845691195729962,1364.7491076490883,MOTOR_OVERLOAD
4.542165674183139,42.601002203524544,0.616573491186459,1538.4437394448087,NORMAL
5.760815462178183,88.69863966405671,1.6926036898710295,1488.7835301438736,MOTOR_OVERHEAT
7.238165298895937,55.78640653746782,3.8624721816570227,1412.4363912343508,BEARING_FAULT
6.718475932988039,52.877644259566544,2.514188261990494,1579.172934548356,BEARING_FAULT
5.497711425214444,47.60699256561216,0.8936237358245925,1566.84484914253,NORMAL
14.640001638097054,60.23060584331718,2.337419200827723,1411.916683299388,MOTOR_OVERLOAD
6.017220596687592,50.87002494520478,3.831013534747745,1625.472167712864,BEARING_FAULT
4.159326581928191,46.440096209076586,4.669244142688263,1587.6678017343597,BEARING_FAULT
5.078634695627686,39.75881300093825,0.8006239983224209,1503.4399626002087,NORMAL
9.83688931398447,67.74698707574053,1.5521701151920662,1447.6309483183043,MOTOR_OVERLOAD
5.803047684286357,49.917633159762474,3.0029886167272513,1506.2716643960666,BEARING_FAULT
4.718358595878366,39.4075613608046,0.9714142638958196,1453.5306656426262,NORMAL
9.549809718250948,50.775898516983645,1.7216166384654683,1353.038048714636,MOTOR_OVERLOAD
6.8645156592728505,83.69543796713,0.6286183352991507,1471.091675895582,MOTOR_OVERHEAT
7.208524054109816,66.44044864083023,1.247676754722048,1456.4906025851476,MOTOR_OVERHEAT
6.737633867041689,70.51926132279921,0.7730796362432413,1391.4142121253492,MOTOR_OVERHEAT
11.036824748605982,57.779756826286025,1.8089688641136197,1447.25144639975,MOTOR_OVERLOAD
5.008391133119176,42.23226521530156,1.472612994830662,1425.1137799026642,NORMAL
6.405395848484797,48.79937373109251,5.760836068079033,1543.3592547555304,BEARING_FAULT
5.375354236380402,42.653659659716396,0.3531975981821863,1449.6477416126265,NORMAL
5.173615494174267,43.48129411660731,0.9603696361560624,1549.4820216736987,NORMAL
4.901934260885293,40.76687579664945,0.755982876295997,1483.2692643854475,NORMAL
7.043907202591413,92.35638890551598,1.3470044672852577,1498.213254171426,MOTOR_OVERHEAT
6.781479509740969,57.35673298628658,1.3326121116925957,1506.1419680363833,MOTOR_OVERLOAD
4.349780703585163,46.769818419878845,1.2909413462175237,1470.0500150407634,NORMAL
7.243901873714487,72.35217948492043,1.0688793967228574,1475.418130034097,MOTOR_OVERHEAT
6.139991642690089,82.84220862058447,1.5187476296638074,1488.486239153149,MOTOR_OVERHEAT
13.850810383151165,62.22647001133659,0.8111982452160827,1331.7446258978523,MOTOR_OVERLOAD
5.222181153967353,86.73546103163304,1.8108707565808637,1355.9733865234361,MOTOR_OVERHEAT
4.6455757916219085,40.50892627091602,0.6767316013398024,1560.3948273248127,NORMAL
10.200121725975954,48.488472264353405,1.126016600345542,1248.720495207738,MOTOR_OVERLOAD
6.694017449493991,93.30809314233954,1.490203653382692,1493.0157211250191,MOTOR_OVERHEAT
5.626977800449991,55.99372968077234,3.169528638849253,1316.568283092094,BEARING_FAULT
6.399880483063414,96.3183643912781,0.38766094335540646,1405.2343198070917,MOTOR_OVERHEAT
5.363178577486572,83.88562635788134,1.172176268506801,1406.0169375934522,MOTOR_OVERHEAT
6.546360076249706,79.68571628778389,0.9319189209906578,1427.1330650079735,MOTOR_OVERHEAT
6.205364162806288,85.00332490456566,1.2132550703564922,1454.6564134475361,MOTOR_OVERHEAT
12.180626663147306,31.66531249081098,1.19971243491109,1265.0427009113168,MOTOR_OVERLOAD
4.977042260973992,51.523145170091716,6.00956812646154,1464.3171529914348,BEARING_FAULT
10.429062729400453,64.47393184085428,1.282823566817302,1472.7249206244078,MOTOR_OVERLOAD
4.972353685085784,48.814870765295154,2.573786223349134,1255.9661950277957,BEARING_FAULT
4.892288472030439,49.03004308394624,0.7206779536173691,1467.1265881436977,NORMAL
4.439829391994074,40.610649301811826,0.9160969506601321,1497.1713763310215,NORMAL
7.454223655433395,92.30094006129006,1.117302477580884,1512.0082907568355,MOTOR_OVERHEAT
5.300732591330386,44.754489053594384,4.6877216020241965,1554.9938277603264,BEARING_FAULT
6.089543408960986,89.57258147221977,1.8437814481795298,1544.4381724862642,MOTOR_OVERHEAT
10.665065416919024,65.89141977246568,1.491312280292071,1482.208348912094,MOTOR_OVERLOAD
6.705144687309027,80.29588150003704,1.0379887886011698,1510.5553218279365,MOTOR_OVERHEAT
5.143813814069171,79.27881808279471,0.7590186546315747,1467.6936396880003,MOTOR_OVERHEAT
6.457708338021724,58.54939265943325,3.4284403415833764,1253.577655735092,BEARING_FAULT
5.460196681924134,55.13300664751136,4.31031017458452,1544.7595116165162,BEARING_FAULT
5.454424703345111,46.08286555979619,4.916142163904613,1614.160642637386,BEARING_FAULT
4.836602587656756,74.02044513373684,1.2498867958020117,1416.314206036634,MOTOR_OVERHEAT
4.635897967847856,104.09481496907719,1.222960051919908,1427.129127430833,MOTOR_OVERHEAT
5.809895091947867,88.58859572654643,1.2266164911441477,1545.8376689962072,MOTOR_OVERHEAT
6.816968160366699,45.193620070216674,4.486527787096048,1534.4881333371222,BEARING_FAULT
11.15346550071329,59.88379091499529,0.9630071829725093,1361.7632869945946,MOTOR_OVERLOAD
5.146841698387031,56.23870935930694,3.1188121095156345,1431.4163729134655,BEARING_FAULT
6.245695620204275,51.12790903353182,6.465678624590583,1604.1747382648443,BEARING_FAULT
10.940356652857739,63.30039741359456,0.8701225193232932,1457.1941707280323,MOTOR_OVERLOAD
5.18435880489364,40.05550025352407,3.3420340102947996,1394.7899282854287,BEARING_FAULT
4.93415949102189,45.35147054832291,0.8543811391257631,1524.0758259442578,NORMAL
4.329569532206236,48.95421296986126,0.7891735120536387,1519.6581035975837,NORMAL
10.249677711865607,53.38872526125154,2.191918046077989,1256.7559184438483,MOTOR_OVERLOAD
5.06598089606053,45.01846804362016,6.409520646796956,1529.5609688824666,BEARING_FAULT
5.285238908616702,53.87282591748739,3.266038064751924,1603.2970291491745,BEARING_FAULT
6.301620057401404,93.97004568219658,1.5130998465401662,1535.930462634453,MOTOR_OVERHEAT
11.30652153081343,52.704514399899544,1.2315871513529073,1533.3287126651937,MOTOR_OVERLOAD
5.726703518988658,80.89545234956596,1.4552992168762604,1446.4444708078152,MOTOR_OVERHEAT
4.610013241421031,49.8787179022839,4.306530732355152,1356.9293817528608,BEARING_FAULT
5.01837889555665,44.256173291255806,1.387505939697602,1528.1659256655914,NORMAL
14.298271780223498,62.2782853912272,1.178829682437743,1444.5247302474659,MOTOR_OVERLOAD
5.460193582691116,51.41389872144192,3.7756443472262866,1378.5689952138473,BEARING_FAULT
5.233815023192001,42.78171037743821,0.8318653570616881,1525.6926858600198,NORMAL
9.473016914348477,53.375924441967,1.0920912196985602,1500.5135131086108,MOTOR_OVERLOAD
6.05093837475541,88.08424144500982,0.8310684334545925,1475.942167643439,MOTOR_OVERHEAT
5.712635055957162,50.909574659898674,1.1942722309185057,1469.69553101831,NORMAL
6.79955094663312,60.52316299306487,2.614003305872294,1550.9171919547566,BEARING_FAULT
4.21698227579464,52.9852452828101,6.751840648973391,1463.464131282958,BEARING_FAULT
7.017904188178133,91.67243418443901,1.0418854269245124,1461.8000348036505,MOTOR_OVERHEAT
11.013267960045418,49.18200734757817,1.864305141724882,1503.1924421409335,MOTOR_OVERLOAD
5.279048125700184,45.52938602561069,0.9078618780742644,1458.535084033416,NORMAL
5.487560772652187,45.95440316371378,1.0860673354877814,1477.1545634256106,NORMAL
4.858201666448912,84.55774120283498,1.774986183746964,1472.26550343595,MOTOR_OVERHEAT
4.0815708456459765,42.7582021247877,1.4635696455089677,1489.774411798088,NORMAL
6.66609486126021,84.46758878288989,1.8518123406370588,1400.4933767725745,MOTOR_OVERHEAT
5.3235069306444895,52.28852018696386,5.4241408704156635,1429.7325988111977,BEARING_FAULT
5.538689245046329,43.739302440459106,1.1665720222838272,1500.5031400940734,NORMAL
12.12432580838922,54.919288077705346,1.0763054266420025,1252.963081355602,MOTOR_OVERLOAD
4.666284824690525,48.368507836550535,1.5257942663652817,1517.845640169907,NORMAL
6.716682828659415,79.52349772387848,0.8470261811426758,1472.398860810477,MOTOR_OVERHEAT
5.198402648889408,86.49736306646264,1.432125736396499,1501.0204620670881,MOTOR_OVERHEAT
4.497561065703523,44.16236469184157,0.9157799797447864,1495.3866002077066,NORMAL
5.815512545144262,44.05668255130059,1.0203013774188128,1521.844473235698,NORMAL
6.508097811348859,92.88505807603012,1.1361391364258082,1527.5440679434241,MOTOR_OVERHEAT
4.755378763975388,56.00981660576938,3.4023405775784052,1262.6227608050992,BEARING_FAULT
10.14733687442338,54.62578970246086,1.6111736880110172,1409.1479287856478,MOTOR_OVERLOAD
4.316342599345055,43.956686166381665,1.2529522930068007,1487.9876696705476,NORMAL
13.320634229197415,58.02974018205442,0.7473683305883688,1327.1117963943161,MOTOR_OVERLOAD
11.712224484294637,53.98847285531506,1.5910851648131046,1406.314017014658,MOTOR_OVERLOAD
4.773102467576366,49.52039726561806,1.0769976192136785,1459.3593388236711,NORMAL
4.348505379584955,50.31360958031194,3.7671862349454805,1628.8265757280606,BEARING_FAULT
10.304382593303695,63.449568455603945,0.8381592346913003,1403.4214052246368,MOTOR_OVERLOAD
4.844574315119748,46.25128629656352,6.197508201382934,1625.4825421863175,BEARING_FAULT
5.336887232906708,41.37628753533388,2.7607865137847734,1555.4739618791994,BEARING_FAULT
7.206664584345756,51.79040022239656,2.745289310278528,1369.7555567593765,BEARING_FAULT
13.775618483562539,57.18683309323811,1.9969255384784934,1482.521901999496,MOTOR_OVERLOAD
7.064891406884643,98.19156787210463,1.4566612526101164,1483.4851843955062,MOTOR_OVERHEAT
5.427252478050069,57.863679748971194,3.2434243604528614,1747.1329600632946,BEARING_FAULT
5.739572419083198,50.534790219336024,5.476193924723515,1648.6983514822948,BEARING_FAULT
8.027971178723016,86.05810062175325,1.2718198662838796,1378.4140605828763,MOTOR_OVERHEAT
11.133403311333929,63.948616559905076,2.128159443564249,1230.1090032765655,MOTOR_OVERLOAD
11.751812490671321,53.36082929894274,1.8046140299244207,1360.6226517459513,MOTOR_OVERLOAD
4.520017528593479,53.85690263275233,6.3878224881111265,1305.8073381082083,BEARING_FAULT
6.625518056788705,44.753697077356065,3.3708715284084425,1446.9997768979931,BEARING_FAULT
5.137689029278164,45.12418880195422,0.9413133007576935,1485.6987956578187,NORMAL
5.645744094479832,54.19835637214928,1.2987816054466774,1509.452971281128,NORMAL
4.933149827666185,37.70073210002898,5.718787275057527,1648.7794162980922,BEARING_FAULT
7.652337024924303,81.84093030346635,1.2258288848465995,1515.260532277771,MOTOR_OVERHEAT
7.247849354193172,81.91944229774651,1.2838859852587048,1451.586680721497,MOTOR_OVERHEAT
5.785730410916316,33.53178018486903,1.2371021745354112,1512.9953887529834,NORMAL
6.051046307639576,48.807579589407865,4.733325684064239,1400.6179420935664,BEARING_FAULT
10.05752002191738,57.69414480816849,1.6180920874574853,1404.8781233946931,MOTOR_OVERLOAD
6.536771503222859,46.53459108100424,6.249886799973187,1287.231228281325,BEARING_FAULT
11.542400782765375,62.68558946865513,0.6437061558852702,1283.6284901713516,MOTOR_OVERLOAD
11.360107268963121,63.608092377377986,1.6145294673166317,1409.4736257149216,MOTOR_OVERLOAD
5.111497173140614,47.739244421324216,4.363508115470622,1714.4090076593914,BEARING_FAULT
4.458546143124493,44.58935163583747,0.8957851499204404,1482.8210941642199,NORMAL
6.31441132179595,93.41742845406793,0.7828971449196478,1410.6088719700251,MOTOR_OVERHEAT
4.58842862148095,49.084064507172165,3.5211764518039557,1244.6129584166376,BEARING_FAULT
5.2165636567167954,56.02371541699723,4.260683984016434,1521.180502770847,BEARING_FAULT
11.868904717848217,66.24849209938392,1.0508716653908703,1371.6189062115614,MOTOR_OVERLOAD
4.257931279864329,87.12006560151075,1.1990735040638638,1402.4277862593551,MOTOR_OVERHEAT
5.673080258383503,52.066633117427486,5.18636402309647,1207.3532243723662,BEARING_FAULT
7.758493929013717,55.737902323491504,5.415684456184511,1287.1032425032688,BEARING_FAULT
5.827874382613015,49.458115780229264,6.636996658513703,1731.0073961220182,BEARING_FAULT
5.219284683585701,36.84908596906113,0.6864211655804577,1406.632918311588,NORMAL
5.148599540665366,45.94782155487698,0.9038378864987356,1493.8386673369653,NORMAL
4.940908709294346,45.03402250689261,1.18882120183066,1473.3975311855352,NORMAL
4.841375823334162,51.80445931529538,5.451871777867077,1432.983783494426,BEARING_FAULT
5.8236219798765685,36.51054061029687,4.872855842091493,1547.359282083834,BEARING_FAULT
11.424930197225969,58.42776768098462,1.6393625795851352,1354.353383851708,MOTOR_OVERLOAD
9.832814237209112,64.2541319021781,1.0760256822553793,1445.5838358964613,MOTOR_OVERLOAD
7.2506999816780775,77.097529508049,0.9599603117176413,1465.9275160509635,MOTOR_OVERHEAT
6.334267902320994,58.16889946134522,1.1498399344099068,1276.01233696086,MOTOR_OVERLOAD
6.686594144508028,107.63445564273958,1.4351185258056127,1431.5038933940384,MOTOR_OVERHEAT
10.321071590519084,63.79205267345665,0.5082990093264889,1453.8529284033175,MOTOR_OVERLOAD
7.134379654495751,86.73449541192817,1.357585755963142,1452.1730425106923,MOTOR_OVERHEAT
5.282459399809042,51.75571988522905,3.7867712659590183,1642.6721865129548,BEARING_FAULT
12.07250871649036,59.90446269279653,1.732937221774099,1311.2926894970185,MOTOR_OVERLOAD
10.734479620885345,57.982002139176764,1.6322494190159327,1421.9107150607745,MOTOR_OVERLOAD
6.919996750069992,75.7505613027168,1.8989385666483092,1468.6398242453188,MOTOR_OVERHEAT
8.079042251465275,59.251851438922046,1.3822626562379596,1569.7758003417796,MOTOR_OVERLOAD
5.2873253231122765,43.200118472541405,0.7411599941280189,1474.5401580060698,NORMAL
11.318170551696836,63.39538643086666,1.661530275443807,1395.80433868036,MOTOR_OVERLOAD
13.986480319832959,53.8470755698428,0.8673201129268318,1367.5915862615527,MOTOR_OVERLOAD
4.902400447673055,47.28214814455394,0.9729422759867835,1529.6512706794008,NORMAL
12.628414104461088,44.6478208774121,1.8795736099003415,1226.2241488115528,MOTOR_OVERLOAD
7.6288244629225055,77.17884496172954,1.496506522574326,1427.2280792010793,MOTOR_OVERHEAT
10.893025899311098,49.7973166957946,0.7119137511610084,1366.1344360802784,MOTOR_OVERLOAD
6.428521506338009,86.6421332776131,1.744636483434936,1381.471885022023,MOTOR_OVERHEAT
7.9036069779001,88.21821289614175,0.8751738801524763,1364.9967035796024,MOTOR_OVERHEAT
4.5071679924653685,38.97069740890781,1.1900264623082046,1527.064582071061,NORMAL
5.84927876924377,90.35060607440056,1.0917692466173303,1565.7737438528695,MOTOR_OVERHEAT
9.898778380077996,46.12800599866386,1.305755877260893,1305.0242080826106,MOTOR_OVERLOAD
6.037218586643355,41.81235604281324,1.2025433979684694,1443.7934255729215,NORMAL
6.968921651841053,84.97966546481824,1.06337497887676,1382.2430318251486,MOTOR_OVERHEAT
5.077681338139321,46.400699850053,4.841291621979165,1441.4966278853842,BEARING_FAULT
8.164116108769607,74.71700433372021,0.7574441294987575,1480.5602030725881,MOTOR_OVERHEAT
9.340126259318183,61.388453550942444,1.2062857190690541,1295.8142875919975,MOTOR_OVERLOAD
5.003610008261643,38.123355464495816,0.7761650551171821,1457.7493836683732,NORMAL
7.114469867304442,77.50100376293808,1.011259881432713,1452.6004611164567,MOTOR_OVERHEAT
10.859162260222451,55.61781520252765,1.113700796637855,1494.3489850154463,MOTOR_OVERLOAD
6.0800622265191,47.50960086250842,2.8341439961455954,1431.8032059412824,BEARING_FAULT
4.488620138918677,84.85482101174078,0.47329653177791786,1372.8083224969093,MOTOR_OVERHEAT
4.882533157882615,48.17868368613689,3.0739847086588634,1587.3998721607516,BEARING_FAULT
6.107262421770432,81.25829394755694,1.105479114256438,1473.1286568046532,MOTOR_OVERHEAT
7.076194689343493,76.49465331048289,1.209412221603815,1507.2647983551137,MOTOR_OVERHEAT
6.079155153994726,79.60529023950684,1.3521477540696392,1498.7423972152046,MOTOR_OVERHEAT
14.414808034314635,59.82801699473096,1.3875277484187203,1316.305422421553,MOTOR_OVERLOAD
6.559426553655991,48.44338174258347,5.62971695257184,1092.6865866616056,BEARING_FAULT
4.030612984942923,45.71118614435791,3.759706682258018,1370.685136389492,BEARING_FAULT
8.493411372742319,62.584649342102644,1.0808945486612507,1427.5865367581637,MOTOR_OVERLOAD
11.11882257170621,57.52092181536556,1.638270147381329,1427.0484737205063,MOTOR_OVERLOAD
8.983645404474903,68.54659880008494,1.1712509159240223,1461.0667289907592,MOTOR_OVERLOAD
4.00894451109244,42.08169122345741,1.2138992276035299,1517.9256857850683,NORMAL
5.252113159234963,46.45810015197121,1.1525978629054296,1524.4336412454675,NORMAL
5.325892560983117,48.8955765128696,1.1980112475371005,1495.238859735995,NORMAL
9.782599923211839,53.13222199127951,0.8446944062899147,1444.2080944283693,MOTOR_OVERLOAD
7.827772895514219,84.53094444472342,1.4763446889689193,1454.1829166911034,MOTOR_OVERHEAT
6.849732816613835,88.29598146089467,1.275211936363712,1383.7544798986862,MOTOR_OVERHEAT
10.217569493962761,49.09859988369038,0.49076589878677646,1442.2893377243668,MOTOR_OVERLOAD
4.119772852765406,42.87609398177714,1.2827780862699376,1510.3298474798892,NORMAL
12.120270215951441,54.937252797829125,1.1854746372852745,1395.4792842087768,MOTOR_OVERLOAD
10.62519161137166,64.78854622301638,1.3120986259423815,1317.3616619441175,MOTOR_OVERLOAD
9.65083964064637,56.275173207664984,1.0657153884043258,1386.7607844295308,MOTOR_OVERLOAD
4.869865438061015,57.896021050184,2.6592455852776524,1362.7117582071467,BEARING_FAULT
5.688249781079194,50.72466126038353,4.096244856144993,1188.8627674364886,BEARING_FAULT
10.944258822599176,62.36671690186114,1.7956688248352117,1441.9912291453595,MOTOR_OVERLOAD
4.840167505994627,45.389653651831125,0.7645662258532027,1456.3127069165216,NORMAL
4.597125164232573,51.077505999009844,5.5363776015175254,1528.3335912862565,BEARING_FAULT
4.801124852425927,51.766832930135195,4.773661796430291,1455.570402306545,BEARING_FAULT
6.898881805948068,71.84786763514109,1.1584454411848715,1483.7520047700261,MOTOR_OVERHEAT
6.127253299692178,82.89227483405122,0.7771040162008811,1592.7910014967179,MOTOR_OVERHEAT
5.304121518858885,100.76335215137519,1.4908313377783151,1434.5034158246197,MOTOR_OVERHEAT
4.548264849662828,47.314646535260664,1.1479803381517297,1557.2439666235719,NORMAL
5.263526413425874,55.32565686317722,5.916633498154688,1460.889257065301,BEARING_FAULT
7.287786589828795,51.99481325053317,4.562213866392044,1567.793717911282,BEARING_FAULT
5.2521699489611136,53.96206411105932,4.282018645651715,1589.2779776203906,BEARING_FAULT
6.30936253040804,87.7080055405998,1.0187539346001127,1440.8393208047644,MOTOR_OVERHEAT
3.62522629484114,41.808468945526016,1.4438386431556578,1486.073208366533,NORMAL
8.972306110905036,59.065127353102305,1.2195455288633523,1398.0644089414916,MOTOR_OVERLOAD
4.776969982048583,43.03301032107946,0.9499672797994041,1470.9230016427937,NORMAL
8.79913700976985,68.23564167225264,1.1502072442056728,1361.6255218636593,MOTOR_OVERLOAD
5.133847845575165,46.79991336538619,1.5449580988420317,1480.042498001522,NORMAL
9.694439488563377,54.3548257542675,1.184334240635755,1301.7127827270524,MOTOR_OVERLOAD
7.3367560312208875,86.04879388974986,1.3610584572434175,1424.5240154839462,MOTOR_OVERHEAT
6.171558221095489,98.61830719105195,1.4376487840098515,1486.331316040173,MOTOR_OVERHEAT
6.15784766449958,77.05878750227794,0.9871075924596563,1342.9993393225284,MOTOR_OVERHEAT
5.536527997108045,41.06633608536388,1.3197932889229405,1554.0672549144042,NORMAL
5.644040377121899,54.02867069732959,3.6831973473001884,1363.3385286710368,BEARING_FAULT
5.606526063746441,64.79167334679077,3.4240408981614263,1423.5868455160555,BEARING_FAULT
8.304702196255944,92.79065160784583,1.5405940555679352,1449.7473942819788,MOTOR_OVERHEAT
5.3259063201524395,43.86074934743293,5.487570271613459,1452.5021768321158,BEARING_FAULT
4.785368492313396,53.32188946473249,3.3409146100498734,1242.4751630396322,BEARING_FAULT
7.18674735416168,85.76649387892662,1.1350820084335103,1449.7784035444938,MOTOR_OVERHEAT
12.69422346942188,59.17169259093823,0.37302869991699994,1529.4636711645908,MOTOR_OVERLOAD
10.935185259655977,66.63445050091732,1.1689030333332946,1473.4457306892066,MOTOR_OVERLOAD
7.538568797412394,81.13247650190077,0.9967950174955194,1484.882196637224,MOTOR_OVERHEAT
5.977633640758706,80.29324308714183,1.2839613180413554,1633.162543249009,MOTOR_OVERHEAT
11.101954956745438,57.66437803563746,1.153627309181141,1310.7252913126902,MOTOR_OVERLOAD
9.375939766569775,64.65008546728023,0.48861223246738206,1453.7723982560567,MOTOR_OVERLOAD
4.75323171359479,43.60719883442001,5.800987228093037,1709.3729843029528,BEARING_FAULT
7.715829359747088,85.70547210265163,0.6847052844582098,1496.2488494128609,MOTOR_OVERHEAT
10.543534745765312,66.23904950733188,1.4964218419235142,1335.881647940558,MOTOR_OVERLOAD
4.753017006670275,35.62280842484529,1.4059220732626176,1501.8523985917657,NORMAL
5.3545437936760125,42.0708584743917,0.7924690770993061,1507.1036446769438,NORMAL
6.372406208657944,51.02420830918285,4.8215029492201795,1514.1415349264703,BEARING_FAULT
5.630824091269348,80.60701978084914,0.7466024396503137,1540.569103208855,MOTOR_OVERHEAT
11.17715519750969,61.054705414305815,1.5364213902569899,1283.3495550688908,MOTOR_OVERLOAD
6.483922165473152,81.87182318874417,2.2658639572039005,1590.3635333316884,MOTOR_OVERHEAT
5.266287625629863,46.95467409786923,1.6898992208844517,1531.0091674740286,NORMAL
9.956481320724976,57.75925565318003,1.38197572946143,1416.0319600384234,MOTOR_OVERLOAD
5.0485349799635495,51.05313863625804,4.627064498498614,1528.202657439192,BEARING_FAULT
5.951239092194856,50.4762619872373,2.8049995192616413,1544.8626583196356,BEARING_FAULT
5.238219980009295,47.03928283110447,1.5663771914588398,1596.8979160433398,NORMAL
6.2556666087263295,89.85353406758964,1.0253397607461996,1541.4927539695984,MOTOR_OVERHEAT
4.756838440730401,45.583753176579094,0.9832944842050018,1473.8881482461682,NORMAL
8.377222955774714,57.22107896996468,1.1523146834124758,1306.4268483125186,MOTOR_OVERLOAD
4.113885309892561,46.16016158593414,1.781087889625123,1486.8432051866648,NORMAL
5.144986713006051,37.8920534426957,1.2791133572868676,1471.9462340094462,NORMAL
7.837367642902413,86.11240700085007,0.5981623681969757,1481.072705950504,MOTOR_OVERHEAT
11.921966072122734,61.456417021368345,1.336906240057271,1294.229288153336,MOTOR_OVERLOAD
5.812999266086091,77.59371719034496,1.1764201334693778,1545.5234215075784,MOTOR_OVERHEAT
6.358528906380115,82.14880257887003,0.9633815190185178,1539.7104449920198,MOTOR_OVERHEAT
7.30222239215514,88.77814162079446,0.9121933618402454,1567.0952423107594,MOTOR_OVERHEAT
6.714454087936034,78.20633747635021,1.2002707982321594,1500.0985654137326,MOTOR_OVERHEAT
4.935587542373802,45.860400061589495,4.332833877413109,1553.5496507506923,BEARING_FAULT
4.757287474568753,56.16607703259729,5.054140151643452,1689.872137672248,BEARING_FAULT
11.807746780461624,60.9169318604583,0.8057016085736193,1435.6170168197616,MOTOR_OVERLOAD
11.837327863321306,58.16953222906027,0.8265114688938873,1482.8862360459832,MOTOR_OVERLOAD
5.6678580980260636,82.87764652634174,0.9466844638285602,1428.5459542367134,MOTOR_OVERHEAT
4.682304374561719,45.31595486536004,0.922237222205475,1529.952555439299,NORMAL
11.485197576425916,62.702558604386795,1.3472039012516495,1313.1856503911538,MOTOR_OVERLOAD
5.4882582139797265,46.41050881566869,1.0592668847582511,1467.7712733354883,NORMAL
9.55850548711352,54.750544829234336,1.2600618504514254,1310.1901449129348,MOTOR_OVERLOAD
5.267793288525838,45.31439482446015,0.8823321961239151,1481.462215454984,NORMAL
5.110989027710877,46.433666354521705,5.057052713783255,1632.7100605073063,BEARING_FAULT
5.137838016560648,41.70865618478001,4.221283490353363,1227.755669231848,BEARING_FAULT
4.6788544151124905,81.70599259792357,1.136751991263496,1502.2384538362123,MOTOR_OVERHEAT
5.275072698075232,46.19244670679402,6.119306036222346,1457.5533295507455,BEARING_FAULT
7.161491733924173,81.39331829107671,1.8202346442002968,1369.575298208728,MOTOR_OVERHEAT
6.076658477348183,49.82568372957257,5.896433227951222,1639.4424978656043,BEARING_FAULT
5.896964786740638,46.64468767206385,0.45693600367395515,1481.0194826552383,NORMAL
5.5711222689723465,44.276971114755696,6.068147699550471,1414.183182662701,BEARING_FAULT
5.761527700492258,53.18075079923039,5.754051051913745,1118.0839883658812,BEARING_FAULT
6.689550845914165,74.86124638805613,0.9114368829155395,1514.4828836269596,MOTOR_OVERHEAT
5.302345576137129,54.939469404742226,3.5505110180903374,1553.673671216665,BEARING_FAULT
8.245234696437391,66.86997460264138,1.0714201716286942,1391.9029153587267,MOTOR_OVERLOAD
6.2210213916477395,44.735143754422644,4.361407262777598,1452.5711001959803,BEARING_FAULT
5.051832478697343,97.78016660813967,1.1027435024953072,1430.7795806354143,MOTOR_OVERHEAT
8.132699585466511,81.70222993387311,1.4931830534072912,1482.358780738165,MOTOR_OVERHEAT
5.7044836680411946,58.53981596705369,5.045350347532145,1472.1651343726096,BEARING_FAULT
5.04322288385013,52.851084220221765,2.6771300700948792,1727.3384255862147,BEARING_FAULT
11.038655290542486,57.027192960136496,1.0067526674869616,1486.5757864479444,MOTOR_OVERLOAD
6.7744355693942095,79.95371492641915,0.9376575301121616,1553.4198892211184,MOTOR_OVERHEAT
11.462262633087624,60.60261473328671,0.8866017874158374,1382.7395501321744,MOTOR_OVERLOAD
4.957591771008757,43.431840816517074,1.1076869321954415,1528.7090243500024,NORMAL
5.335129375564534,46.039231427222035,0.1415444889697981,1523.8778358923553,NORMAL
9.852355809653874,52.92419354921596,1.3384228556469773,1509.9576972792333,MOTOR_OVERLOAD
4.4671196877598085,45.72525687144568,1.0302810375205464,1612.5778981306464,NORMAL
9.22255218757368,57.992980065958754,1.092461874687529,1356.257726218862,MOTOR_OVERLOAD
8.729357560040036,57.921331414019974,0.5903613210862785,1314.8370380195202,MOTOR_OVERLOAD
3.961597036695669,49.67815258917553,0.845909121785527,1484.2778824965587,NORMAL
4.448328628399033,44.08282938579077,0.40667528128986163,1437.1560902971753,NORMAL
6.492683867305052,88.24212609789096,1.3296875544942568,1527.3576626766421,MOTOR_OVERHEAT
11.339089383653038,60.208879331190445,1.2496158269812003,1350.7026203219546,MOTOR_OVERLOAD
10.51769632301911,47.73719170256035,1.744061646353071,1382.5992634695772,MOTOR_OVERLOAD
10.538708352924477,48.456101810383494,1.518096881771383,1456.563258007752,MOTOR_OVERLOAD
4.735608547058154,47.309610310077,0.7946331927460598,1513.1309584832413,NORMAL
6.458921271881511,48.33496804654121,7.725734679435506,1127.3643148744134,BEARING_FAULT
5.031480079013746,44.907065156598534,1.6832291345668295,1542.9303132715663,NORMAL
6.2210439816386405,43.5381216235431,0.3744915109960366,1431.8360149741038,NORMAL
6.403790138107223,88.77919491074462,1.004389506991424,1510.2044833489872,MOTOR_OVERHEAT
9.717747624600825,58.15404672194799,1.2630567172648486,1532.0295334255236,MOTOR_OVERLOAD
5.212882843432225,92.58228040391623,1.2377167310367123,1448.1487835513653,MOTOR_OVERHEAT
13.671557688863443,56.962401322960424,1.0369255564830124,1460.248984070222,MOTOR_OVERLOAD
5.261926855823737,49.680449886794236,2.807594176702291,1312.8172610858458,BEARING_FAULT
5.759233396235458,90.65395321891005,1.8997820428795356,1460.9485003680068,MOTOR_OVERHEAT
8.681375793878537,73.47175262565935,1.4555899365658975,1524.1609265885977,MOTOR_OVERHEAT
5.078458512746927,42.87671268748141,1.2458342717853692,1474.0158516162069,NORMAL
4.52655749901192,51.804743571743394,4.340505403040306,1416.1236833990304,BEARING_FAULT
10.1106111945194,52.623467153345324,2.0282530388822884,1337.007648536049,MOTOR_OVERLOAD
6.518256642983271,62.69252782492134,1.6766972324621086,1275.8649162357417,BEARING_FAULT
10.303382271153229,65.0541124193861,0.7931646387480098,1472.6076455447196,MOTOR_OVERLOAD
7.342493879330567,55.153052623437574,0.596075894585403,1398.2060553384176,MOTOR_OVERLOAD
9.34102257599117,73.20995647659899,1.2438864849037605,1459.8353783057505,MOTOR_OVERLOAD
5.963470616336711,54.62115742975294,3.5765580241911596,1392.262721913117,BEARING_FAULT
6.995066538520847,44.87035781430295,3.9994300816616906,1271.6656819632217,BEARING_FAULT
5.216947322016266,56.38746131573742,3.5612796935715965,1582.6219802223159,BEARING_FAULT
6.356459553337983,71.88188957548763,1.0780953082980052,1405.3851644476083,MOTOR_OVERHEAT
6.572309866421374,45.91949762617225,6.653656429697506,1445.552951661794,BEARING_FAULT
4.886453395438156,42.34149599974748,1.0210339476199648,1579.2904120058236,NORMAL
4.664256628370306,52.990056711219054,1.2715778204481865,1521.8351535095658,NORMAL
11.847410980320221,52.733463606828536,1.170161241641194,1499.1327998736347,MOTOR_OVERLOAD
5.966669689099772,43.17788861998628,1.1872552817408597,1478.1198111662002,NORMAL
10.00497583750331,55.544498160338904,0.35793204592868,1224.5968127036465,MOTOR_OVERLOAD
4.7657216303223136,42.22344575541734,1.7178030169054725,1502.0660685778926,NORMAL
6.958996073461268,68.2858880799059,1.287829134038943,1423.9078435550714,MOTOR_OVERLOAD
5.16780442475297,46.555851539081,6.214117376087796,1452.5620000304768,BEARING_FAULT
4.836685091067067,47.279240436407036,6.093341857359735,1432.4497672792054,BEARING_FAULT
7.17472206125024,81.40013918115741,1.6068177987339043,1586.1653743608763,MOTOR_OVERHEAT
6.492584260247621,50.510471765373424,4.777503066127069,1490.948037169793,BEARING_FAULT
6.600334289837116,83.7741813312995,1.2471784614508017,1426.4666226806796,MOTOR_OVERHEAT
14.703794055039227,61.42020517650414,1.0342647281708017,1427.0784490951226,MOTOR_OVERLOAD
6.0883315875230055,81.59056573518238,0.37848919508164147,1350.586306791553,MOTOR_OVERHEAT
3.984822410498142,54.547807198295686,0.6975073341177214,1500.5954350083039,NORMAL
5.9665621970071365,40.12049702063391,1.0270470483002718,1529.074914547857,NORMAL
4.57167510557811,45.54049380747233,0.8606858823413654,1522.6868282807877,NORMAL
13.198490252518022,52.74445351550959,1.3964558768000088,1359.8943845825377,MOTOR_OVERLOAD
12.21988651807946,47.309605005393394,1.062441868417706,1397.9488536093463,MOTOR_OVERLOAD
5.054912106903925,45.458337748095516,1.0652321245909784,1538.9900726034632,NORMAL
10.557174939319008,54.68784239104347,1.2433127617824673,1489.3306124929286,MOTOR_OVERLOAD
9.93139268997176,49.58742402374341,0.6668178321111055,1439.129146899444,MOTOR_OVERLOAD
4.946490567189148,49.739563673467494,4.542602598567965,1344.8898129276056,BEARING_FAULT
12.049509913029294,59.472129691434496,1.2229893721906968,1447.4575504563288,MOTOR_OVERLOAD
12.629488875309548,51.62110773906746,1.1895006459144022,1483.941467910865,MOTOR_OVERLOAD
7.906674208960975,91.47157187819859,1.3939126769000834,1440.615224904347,MOTOR_OVERHEAT
5.43495563004444,91.45755767648646,1.5699261234370776,1477.4884477560972,MOTOR_OVERHEAT
8.423330679206458,86.75849658107335,0.7248073539901729,1569.8646326880178,MOTOR_OVERHEAT
5.201949875963261,44.32539298639819,0.9816947946914776,1454.0336283784545,NORMAL
11.62819674230082,60.322970674698176,1.180836674285876,1409.129405691089,MOTOR_OVERLOAD
12.504808804426625,58.63891716761609,1.231359760649972,1357.6859952683405,MOTOR_OVERLOAD
6.773627274534611,76.46193663330085,1.029842532039552,1396.0559475576083,MOTOR_OVERHEAT
5.768379761755436,42.84146158561436,5.290016743022662,1361.400647121403,BEARING_FAULT
4.782937713533498,47.221440914034304,1.3444769273547965,1562.4474613270593,NORMAL
4.9376965130758395,90.9394429435362,1.874825490576234,1492.1174361917556,MOTOR_OVERHEAT
5.0405474416933345,46.75004899447948,0.663112885267861,1556.9423788906013,NORMAL
5.035670910509486,59.22377213779548,6.6383514975969,1468.6930129963528,BEARING_FAULT
5.832921245819358,41.538791992357886,4.797015426966117,1265.3457495090584,BEARING_FAULT
3.837819840376751,46.573507481016385,0.8981184923180294,1483.673072960442,NORMAL
7.394024403090259,78.41922369275701,1.0849540812024088,1496.0619520305459,MOTOR_OVERHEAT
10.759560585765472,69.48271624041054,1.6181839499481616,1370.7276603890036,MOTOR_OVERLOAD
4.386631831011602,39.64647035470462,0.6741896340897557,1511.234173949021,NORMAL
4.378607748304513,48.85063028994737,1.2194477223822804,1463.6400922194514,NORMAL
6.468461217902233,78.85909291201602,1.0349781424743851,1399.1326149891663,MOTOR_OVERHEAT
6.961212118704347,76.03497794297135,1.4175504703467958,1535.0965672835396,MOTOR_OVERHEAT
8.565849004600214,60.27326147212104,2.0867474571650666,1336.8668240582076,MOTOR_OVERLOAD
9.698613594105089,46.30119294608181,1.1387704555975422,1311.3567562843064,MOTOR_OVERLOAD
6.340327917177519,93.33595730980663,1.0358851848405246,1517.809205165699,MOTOR_OVERHEAT
7.42695041797062,77.85769792649153,1.1091703714312662,1441.9838650728966,MOTOR_OVERHEAT
4.973474211028316,48.654297753809914,3.315741646547962,1120.7380332140074,BEARING_FAULT
6.173686544528756,86.42466087943558,1.0435391648305057,1499.6111048684395,MOTOR_OVERHEAT
4.828765614720409,97.13466126909478,1.7582898505790874,1390.7326041814988,MOTOR_OVERHEAT
7.442551551165284,88.19464729765616,1.4279432067537392,1487.0337599001234,MOTOR_OVERHEAT
8.091261969800202,77.8442966610018,1.321733038760403,1474.1712642998073,MOTOR_OVERHEAT
7.8389146860837275,58.31831848477286,3.4509127468195575,1399.6539602274224,BEARING_FAULT
6.8184734127743925,76.15723167531111,0.8066937770291802,1398.4434072156391,MOTOR_OVERHEAT
5.59626844405368,86.45892503304647,0.8700657267488723,1402.7618680911814,MOTOR_OVERHEAT
12.589630416227353,67.91195102466004,1.280928927354451,1284.4416527077688,MOTOR_OVERLOAD
11.469748410998523,54.89319998381218,1.914362819697053,1381.2054506969637,MOTOR_OVERLOAD
5.735807089644243,51.502552384125615,4.522787722014464,1616.0717511481014,BEARING_FAULT
10.429350858526982,64.87594184987536,2.129780557923783,1387.069938878013,MOTOR_OVERLOAD
5.883362860075533,82.95029150709581,0.9145289982237068,1491.3205689015715,MOTOR_OVERHEAT
9.100105595403736,65.13001923015362,1.5886647839237962,1401.420077776574,MOTOR_OVERLOAD
9.735301012982376,63.62179925148605,1.24443527491796,1500.4326168389314,MOTOR_OVERLOAD
5.76514568322924,52.712632952574204,3.466589862408987,1460.4410063116209,BEARING_FAULT
11.768892490146843,51.632846863987474,0.950976356367374,1450.8408355616266,MOTOR_OVERLOAD
6.382344341213518,78.32586756957714,1.239886377593036,1413.5332331149611,MOTOR_OVERHEAT
5.6289066814279,39.870866204193085,5.666655005063986,1528.7915809746837,BEARING_FAULT
6.0002087358440015,99.40461564209781,1.03504696733936,1468.10755491402,MOTOR_OVERHEAT
4.776851251207226,42.354332430772736,0.7749994791254465,1497.5630778116827,NORMAL
7.9135243518009775,81.34917016188018,1.7345851102045118,1490.983741418337,MOTOR_OVERHEAT
9.993276807303992,52.09208449004574,1.3206218253299837,1444.4055776057075,MOTOR_OVERLOAD
5.937852447297041,57.93094753892582,5.227293550449208,1241.8169042326567,BEARING_FAULT
4.998848088094192,43.854535456539296,1.0553100121526993,1474.842185802689,NORMAL
9.413185603203688,56.702966660068206,1.241735570721026,1386.6234530418399,MOTOR_OVERLOAD
7.072828123387655,83.55190248833927,0.9638351410269199,1440.238566343008,MOTOR_OVERHEAT
5.041951748596895,43.120653966005094,0.6402648621564309,1458.3759658063398,NORMAL
12.58491477356241,59.03218682068281,1.3820924366811913,1538.8820116688141,MOTOR_OVERLOAD
10.35183235932048,60.817218202094956,1.0486249595271466,1398.617004568721,MOTOR_OVERLOAD
6.017262555676657,93.95415432075728,1.0555025881292122,1463.2459452776188,MOTOR_OVERHEAT
12.313483297779952,58.454749299786116,1.0357292224912782,1383.60100851207,MOTOR_OVERLOAD
9.928803361699924,52.33066229438644,1.793121475707544,1368.2827294362794,MOTOR_OVERLOAD
5.211440619858288,48.785377091933924,6.147053140916695,1289.684335287172,BEARING_FAULT
5.885569428832105,44.563419393754664,1.224837104621969,1463.3180421415695,NORMAL
10.794159947245616,58.03193803976264,0.9231524712596912,1507.9454438760538,MOTOR_OVERLOAD
5.683476163274641,85.64744687924426,1.3854305319816356,1380.5345895745659,MOTOR_OVERHEAT
5.1031761994622356,47.59357604495485,0.712948986136106,1474.1035917719353,NORMAL
6.475548181253393,85.8215602576742,0.8113795907958345,1467.883082103669,MOTOR_OVERHEAT
7.256486714921639,76.92496357822627,1.3765079756463114,1537.4685553299148,MOTOR_OVERHEAT
11.151352302720602,69.37230175286001,0.6926539409840036,1442.578614901193,MOTOR_OVERLOAD
3.46115339490766,42.20527825606068,0.8032769612703058,1505.4749328275755,NORMAL
7.041918203195005,50.97853063761358,3.438456650818392,1548.2242679736873,BEARING_FAULT
7.8205047074823835,84.77034183154002,1.4390313775984138,1465.443257211157,MOTOR_OVERHEAT
5.927021019086806,44.340377746771395,4.365357497319936,1386.6087820168514,BEARING_FAULT
5.994525018003499,87.89094988120928,1.4340829776313957,1432.8968281719353,MOTOR_OVERHEAT
11.870933929170478,60.63078174865996,1.353601790467164,1437.3708702324202,MOTOR_OVERLOAD
9.821484457598746,54.00428562544425,0.8660154786173694,1405.90375854155,MOTOR_OVERLOAD
5.247381459870085,50.48245741278916,5.15404114624164,1536.38149551285,BEARING_FAULT
4.860141142787041,53.23362188673534,5.470661971245081,1379.7757397160447,BEARING_FAULT
5.583764998921275,62.15713308233181,1.150390267034326,1525.842858389485,MOTOR_OVERHEAT
10.517986204944132,64.05467143753033,1.7921033831518784,1450.3518356418708,MOTOR_OVERLOAD
13.25240280894679,62.6988192116347,1.414082370546303,1322.197373340767,MOTOR_OVERLOAD
5.7715507082539865,57.86358387868495,3.7471950946590575,1604.8556319328197,BEARING_FAULT
6.297759910552941,78.52387494286945,1.4010704287007907,1499.8231296772944,MOTOR_OVERHEAT
6.627367304648231,83.17687601360625,0.7203242772309657,1401.1645179857553,MOTOR_OVERHEAT
10.456083574344625,57.65458142556758,1.5936893996104546,1371.1185252218966,MOTOR_OVERLOAD
5.026527426862518,49.43667924596853,1.0032406254568045,1486.8243385034923,NORMAL
5.007773509788527,47.056170860114136,3.8991695713807317,1308.0065312620627,BEARING_FAULT
5.2486456599655975,51.875180012199436,0.9715104068221985,1492.4301721372644,NORMAL
4.350543681567028,46.20620922725162,0.8269904533217494,1571.2490771032626,NORMAL
5.4505213932387555,38.7484626186406,1.0035149253158095,1531.1531886848413,NORMAL
7.092127151153378,93.30812002901173,0.9882593373456863,1514.3144479399261,MOTOR_OVERHEAT
4.873585991382106,40.94926459444736,0.9575791987523866,1468.728390810667,NORMAL
5.86890054995588,82.91987707891876,1.3847117971997913,1446.3570330839661,MOTOR_OVERHEAT
5.6115778686800315,54.0797857967433,4.5122511438753055,1348.0335429406352,BEARING_FAULT
5.3408808562059225,55.99364502638301,4.253004774623069,1637.928785373687,BEARING_FAULT
6.236071611465464,44.9889811771132,5.122213982576024,1278.4773481527302,BEARING_FAULT
4.222193581835471,49.178880980324834,7.086345117947456,1335.7771256381616,BEARING_FAULT
9.5568843048926,52.80773403756095,1.3156911711047026,1287.151191943126,MOTOR_OVERLOAD
4.631613919164262,46.29605009675992,0.7686309501296084,1513.9281206377927,NORMAL
4.929474699603122,46.02362740041689,1.0872199533600466,1528.3864746255151,NORMAL
5.376377730450014,78.40229512940613,1.1137694346881892,1394.310601372963,MOTOR_OVERHEAT
5.116153506154414,94.59198182593403,0.953721857458943,1405.518148985166,MOTOR_OVERHEAT
5.166340958276744,51.28521426480337,5.141870534163456,1580.9764642024904,BEARING_FAULT
5.310497235661547,81.05173113434473,1.1741445313606165,1425.9597411968816,MOTOR_OVERHEAT
6.321799057136976,83.53565235925778,1.0857555864590895,1429.7480755336305,MOTOR_OVERHEAT
4.7986355791288124,40.39965802339054,0.34223695275777744,1543.1726262572847,NORMAL
5.986345312142644,45.29813848782148,4.897668802221697,1413.3819822275068,BEARING_FAULT
5.043220143939546,46.75596411755558,0.38357160769741194,1567.5021215794654,NORMAL
6.53172919853554,95.78987026658871,1.3829291838025473,1455.3525692559676,MOTOR_OVERHEAT
4.974525422289922,45.6806181252261,6.540250906411005,1549.7237742930288,BEARING_FAULT
6.078536699986784,35.25449734701071,1.1503256297867397,1462.189737925065,NORMAL
5.6458382258703885,54.426887764495625,4.492113302434367,1511.923946073466,BEARING_FAULT
11.174702622577133,52.95708902602649,1.098798994912498,1466.4318199286033,MOTOR_OVERLOAD
5.209763532977334,57.35503956744858,3.5869258146086516,1356.4486675911103,BEARING_FAULT
5.502152661131755,53.18677370334521,5.650312896932814,1423.9537202240947,BEARING_FAULT
4.802884866126264,48.01542027973473,0.8695901578830598,1539.0395979926336,NORMAL
4.375906766345205,45.7888329359864,2.6723768010380224,1573.0200486266915,BEARING_FAULT
6.885818467871978,96.41193235509854,1.6677141509173439,1424.8425854973843,MOTOR_OVERHEAT
4.9510473381889275,49.765558561165655,0.8732317051603761,1493.2462965918814,NORMAL
11.504935559941014,66.36111705766037,1.3136631774163157,1391.399987645542,MOTOR_OVERLOAD
11.333198363824177,64.32973656831577,1.9204708531569044,1310.2727190677501,MOTOR_OVERLOAD
7.249220896910919,78.7432915458366,0.9178088200032994,1510.456765901983,MOTOR_OVERHEAT
5.809439643539622,43.95629147619672,5.709428916587421,1367.1079063418142,BEARING_FAULT
5.151715229023358,53.076272601664776,4.280431819487452,1609.8069655113964,BEARING_FAULT
4.543874255377019,49.38176350910506,4.415740841671881,1232.6106422827936,BEARING_FAULT
5.979098438336766,87.87715867279806,1.4340134823188604,1494.8294262446623,MOTOR_OVERHEAT
4.282496212646576,45.44158290244887,1.3067221676081417,1481.1671336889785,NORMAL
4.801794033242427,60.8258541575319,4.661510075342855,1487.2507800648655,BEARING_FAULT
11.037894246647586,55.17994768590791,1.109117348422054,1444.9839875780908,MOTOR_OVERLOAD
5.531836375740771,45.3793074389215,1.379547983646498,1487.826375803283,NORMAL
5.0786162697160515,42.438039712578295,0.991769993744883,1553.6101760380732,NORMAL
5.021345886190775,45.043942054110104,1.3288192699171542,1496.482903623204,NORMAL
5.943974109277371,90.85338680976608,1.2775666317472592,1412.4570075281065,MOTOR_OVERHEAT
6.732451445219904,73.05120996650884,1.4414683780725415,1445.1010393580661,MOTOR_OVERHEAT
5.175046105527251,58.60252607302806,3.329438113955675,1504.4272369934838,BEARING_FAULT
4.194694900177456,44.16387097589032,1.1530416146840323,1516.694832121273,NORMAL
6.297841398647229,53.40127002151368,5.734961929240071,1496.9637902012141,BEARING_FAULT
5.620380737606892,53.87193393461716,4.940911015041378,1430.2908841635299,BEARING_FAULT
4.848813573075868,45.67882618057125,1.133998454583671,1491.3142554769474,NORMAL
4.803431304424392,77.79565709710249,1.1323624976088582,1538.7710560532319,MOTOR_OVERHEAT
7.447849844184056,80.56973748317353,1.3805979831896007,1552.9969275279166,MOTOR_OVERHEAT
6.997287368000665,82.83479078561842,1.0060996689407231,1419.3905395773215,MOTOR_OVERHEAT
4.6760896190599235,40.738753570397535,5.500255341678201,1327.2399268192432,BEARING_FAULT
5.438811383242504,54.07065282716623,3.973027686549843,1428.402707526676,BEARING_FAULT
4.618030830138658,43.75057823337652,1.3536863735774944,1502.8054207346452,NORMAL
6.168974818888801,91.6976088894041,1.2407529257042365,1479.7792927562652,MOTOR_OVERHEAT
5.861781053937975,42.5358038977755,1.4727760865636168,1487.3453830735423,NORMAL
4.014647805449291,54.02374665085283,4.2088509929623825,1324.2265065817214,BEARING_FAULT
7.963278996737953,77.00104078095403,0.5961287340093419,1421.046370554136,MOTOR_OVERHEAT
10.670507492092163,51.86747652413982,1.2823659451568812,1430.3794300502368,MOTOR_OVERLOAD
10.338028259156475,49.38256349012288,2.024813556431514,1467.028267909451,MOTOR_OVERLOAD
5.541458662080292,42.851481062313944,5.517506104899411,1384.560737927889,BEARING_FAULT
4.909819390835025,57.90373354410154,0.6300525257749316,1503.7458158793888,BEARING_FAULT
13.759253004233845,55.09060004332699,1.0169906815984215,1333.4490440268946,MOTOR_OVERLOAD
7.42667016477594,81.81135913286346,0.6506963870810096,1474.0543810544505,MOTOR_OVERHEAT
5.862666163949878,48.07694483214851,1.0896754457752453,1549.279176130601,NORMAL
5.365931360576672,82.38090383927553,1.1253521415120802,1495.4365549054526,MOTOR_OVERHEAT
5.2126091868844044,103.0181653769136,1.0105892352677028,1487.3553139359547,MOTOR_OVERHEAT
5.095786093030747,46.87195340719153,4.0251021047293625,1320.769448104667,BEARING_FAULT
5.0121436494091025,48.274864379595314,6.172453378580782,1236.4899843036983,BEARING_FAULT
6.239907355135527,54.888964817730105,5.897894166510051,1124.9897435314576,BEARING_FAULT
9.916459461698922,63.92970641861595,1.2047953108480483,1355.5862620520197,MOTOR_OVERLOAD
11.379806765443025,56.45228744055362,1.390046690815361,1283.141975522244,MOTOR_OVERLOAD
5.801698753016176,53.45796008803641,4.121483223332546,1398.3287120976331,BEARING_FAULT
5.159415943560706,47.13333074516416,3.610987552285379,1295.8012438596058,BEARING_FAULT
13.40235706684314,52.327703923841106,1.689496117372533,1341.8824316376904,MOTOR_OVERLOAD
10.225062857037893,61.81245580610974,0.4577842887164063,1414.4690739723865,MOTOR_OVERLOAD
5.527070180784364,43.652672129437626,1.1745551317921237,1515.1455729535214,NORMAL
9.434132338115802,64.90503849491235,1.3795082709954873,1452.977070552511,MOTOR_OVERLOAD
12.192864518110637,56.88297362401529,1.6247036393917433,1344.4389197544183,MOTOR_OVERLOAD
5.272379347585217,40.713194692553024,0.7714025428519029,1509.6580863840973,NORMAL
10.86763182456035,66.89041356725276,0.7193178344938406,1441.3131426203524,MOTOR_OVERLOAD
10.8765114827109,59.41762462353408,1.2275120694778083,1624.3569994188865,MOTOR_OVERLOAD
5.1260348316063435,51.82025118748888,4.504990966537387,1270.1472862902463,BEARING_FAULT
4.260589793737031,54.456662831315214,4.432366678537296,1519.8212105579412,BEARING_FAULT
8.789500615345755,79.24735170059779,1.6042995131681952,1455.6999307361798,MOTOR_OVERHEAT
7.228068525431725,81.04939849322041,0.946561771913732,1436.4548583050782,MOTOR_OVERHEAT
7.692852714952709,90.24271648738994,1.5598416835916384,1398.6925960177016,MOTOR_OVERHEAT
7.166618628962836,84.72871035168585,1.4214956675484716,1527.159098508,MOTOR_OVERHEAT
5.204960323168601,81.79372796334245,1.4781190343098973,1454.9169481565818,MOTOR_OVERHEAT
5.428637889578395,44.52253520289249,1.138065591830519,1512.360094243428,NORMAL
7.3162290816739555,88.30213512195094,1.5270100679070064,1554.5853164558735,MOTOR_OVERHEAT
5.8990246641780395,45.9917902434075,0.9280686961319224,1517.0992416848335,NORMAL
5.649182974179797,54.66369054237313,4.415491716644291,1533.153985749845,BEARING_FAULT
7.224475450165213,94.88535364833038,1.6540175817428089,1469.4994381377032,MOTOR_OVERHEAT
5.095427838432679,50.429307095816206,6.330142931858722,1282.272835694553,BEARING_FAULT
9.289722909276982,59.376738846667976,1.5494568398446606,1547.8247769159684,MOTOR_OVERLOAD
8.007919417234866,84.97069971057766,0.7530486180068546,1588.6426997751025,MOTOR_OVERHEAT
6.748013510714226,98.82041343662456,1.4846540738720724,1343.7465464259856,MOTOR_OVERHEAT
12.74943245979873,59.812246930601944,1.4643884436120047,1385.9477756688116,MOTOR_OVERLOAD
4.294212351974842,45.19360788847669,5.08512686837866,1341.3193848973006,BEARING_FAULT
7.12809182816516,83.92418352037748,1.0495936827683847,1446.4694819843123,MOTOR_OVERHEAT
4.908486480528585,43.48877386896691,1.470999545499684,1497.7621827181893,NORMAL
4.298218066736611,38.83617330711516,3.3872956264754883,1426.7168818659684,BEARING_FAULT
5.558576968373595,55.566077919168734,3.983249579778249,1574.4904474085906,BEARING_FAULT
5.331500086520673,91.09666762076039,1.8213827529361597,1470.0274051851356,MOTOR_OVERHEAT
12.198369391386532,60.29737057097015,1.140881837669771,1349.9047704699422,MOTOR_OVERLOAD
11.489448415147342,52.10526844799445,1.5266735627884347,1331.5107850375516,MOTOR_OVERLOAD
12.592278155620635,62.35837907919375,1.8304516280146736,1388.6487201143086,MOTOR_OVERLOAD
12.684653165391342,56.759367018688636,1.2179071312250531,1368.3964708375784,MOTOR_OVERLOAD
4.4929728032185094,44.841174870612086,0.9221157905962676,1487.235770377881,NORMAL
6.021662611508639,79.06948129658046,0.6503603250237601,1418.224665819578,MOTOR_OVERHEAT
5.969725808990725,40.87041192178061,1.2435207129989505,1441.269449605246,NORMAL
7.311415381679718,80.8823226064023,1.1903479402388384,1436.0897900618647,MOTOR_OVERHEAT
4.157438541145551,45.79352464250576,1.063160401236774,1455.0411295028227,NORMAL
6.175772750074808,91.6425624602173,1.4345387432052354,1544.970519844822,MOTOR_OVERHEAT
3.884098756072623,39.75278733689115,0.4670897083461337,1525.272187968477,NORMAL
4.272067604183299,70.07121879229007,1.2145153877231034,1572.627203871013,MOTOR_OVERHEAT
10.330811587470675,60.31688140595314,1.5059136947849638,1498.7073968692348,MOTOR_OVERLOAD
7.895772152812251,78.96865643753064,1.1282683949594325,1522.38715940678,MOTOR_OVERHEAT
7.246100334544903,99.92123714591008,1.196955570496908,1427.6538413506598,MOTOR_OVERHEAT
4.132365287366928,44.03825121171863,1.059573586204455,1531.181176830858,NORMAL
12.227105139911728,57.54280636768117,1.737148647237085,1408.9108049064864,MOTOR_OVERLOAD
5.169267563139234,92.58776370704166,0.3755416259648777,1500.1837759377324,MOTOR_OVERHEAT
9.727212536971038,53.807419487111105,1.286749576255196,1324.6255202432556,MOTOR_OVERLOAD
11.42768576201341,55.091787808290746,2.084802265536899,1327.1968888639083,MOTOR_OVERLOAD
6.412317077542093,74.29137556653501,1.3055861515834013,1485.033060870675,MOTOR_OVERHEAT
12.81428105366433,53.30359653041623,1.296652948912444,1274.8957199835463,MOTOR_OVERLOAD
10.024369320990207,61.04597061333231,1.768845170990678,1399.342801566681,MOTOR_OVERLOAD
7.938711724028721,54.399968351733285,1.0005270765885295,1319.0376799266771,MOTOR_OVERLOAD
5.292183488471349,43.366667348693326,1.2331218876972694,1529.5730410269962,NORMAL
10.566641178721012,62.8725772761076,1.4657693317914553,1434.7514021267841,MOTOR_OVERLOAD
6.053045544074207,49.46031101703297,3.0917148017399825,1339.8494837833393,BEARING_FAULT
11.46880987097387,53.997096917389776,0.9420984050527602,1336.555697909554,MOTOR_OVERLOAD
7.695961038296954,63.38416875412015,1.3573204674590784,1341.930876600542,MOTOR_OVERLOAD
4.686368782298191,46.127823469576626,0.9940294987280244,1430.6245695020439,NORMAL
6.639229921659601,68.6592303597436,1.6889536347656096,1495.7873635948356,MOTOR_OVERHEAT
11.256433028281258,60.109424697774756,0.9529505479091807,1412.1505186631432,MOTOR_OVERLOAD
4.6161490803501515,44.02441555929065,1.1266867057376078,1470.9542238925455,NORMAL
7.720390339974275,59.75026605456464,1.0906213430079383,1396.7267070581286,MOTOR_OVERLOAD
4.381259839427322,45.322734270176774,4.650623544657144,1377.1664325456472,BEARING_FAULT
6.951729345623516,90.19112999889781,1.340106192274541,1440.4675913266635,MOTOR_OVERHEAT
4.665362667502871,41.86728055313933,1.126485048972949,1443.4593070538938,NORMAL
4.170982477781493,53.88973304822623,2.617119907393938,1401.4046931428156,BEARING_FAULT
13.932038773116869,57.197020853469795,0.9637505171343421,1453.7187916007426,MOTOR_OVERLOAD
5.780026756819375,49.93160773641078,1.0040127438147588,1528.1606029728662,NORMAL
6.859487394713176,82.62012529372248,0.9698466495535383,1481.1850253835617,MOTOR_OVERHEAT
4.812275349756783,47.531935079444615,4.519091141959541,1518.6846069423314,BEARING_FAULT
4.249011671536317,44.34139588982419,0.8448957325136919,1473.2436263998632,NORMAL
4.904819097776787,45.736231325086266,0.9809473976685193,1510.819415444408,NORMAL
6.985211947645296,101.50459806362304,1.5785158735244607,1391.006727466229,MOTOR_OVERHEAT
10.186878804208249,65.9792394905106,1.0870488602803068,1386.414637112394,MOTOR_OVERLOAD
10.629671216259077,52.7779178940554,1.4262325016789452,1311.5382163827755,MOTOR_OVERLOAD
7.08832508888922,50.326235639899274,3.829390013746368,1492.1076557481197,BEARING_FAULT
5.270449251837169,55.096079159877995,6.82565771650379,1490.883387198958,BEARING_FAULT
5.482151011627161,48.297708249539916,1.632065419983444,1515.233170113507,NORMAL
4.814796166672153,43.585541033545425,1.3271979808264396,1557.6325039201706,NORMAL
12.33155938517587,51.99684589505565,0.9902592396447267,1461.1843417381272,MOTOR_OVERLOAD
7.194742808955182,45.39751326093937,5.017530368781613,1732.3467234543364,BEARING_FAULT
5.98784015563869,77.73194934757436,1.3824115131348493,1581.5746027076627,MOTOR_OVERHEAT
12.68319202975236,55.63658876293418,1.7104287880614133,1344.5356618239662,MOTOR_OVERLOAD
10.293499608126124,55.70403843481479,1.2484965697081323,1401.3409965809558,MOTOR_OVERLOAD
6.0402549263944865,54.67783012828063,3.2531232700813257,1357.438771903294,BEARING_FAULT
5.461467854167703,47.94064195653152,4.352058818127857,1393.9364569271333,BEARING_FAULT
7.58157926252675,52.68403814631125,3.3107108567704113,1333.8417196475862,BEARING_FAULT
5.760145489752085,89.53631529036723,1.4052622153273306,1509.9400538378165,MOTOR_OVERHEAT
10.385801671231448,53.21112577128139,1.8777374808373726,1385.4035272217707,MOTOR_OVERLOAD
11.961177701378963,56.886334391157696,1.0877332441043628,1376.8268360139655,MOTOR_OVERLOAD
4.773281847679575,86.69335876510407,1.526223383141639,1411.7494287952907,MOTOR_OVERHEAT
8.336423707413424,92.05199327432126,0.6909975212183469,1467.0472120763247,MOTOR_OVERHEAT
5.2315079315339,45.09342126445822,0.08086604010628129,1454.7205423969215,NORMAL
5.399351141788057,45.714963853145306,0.9993249266487528,1490.5096112361039,NORMAL
5.111849055066287,50.0941818927335,2.192686836960736,1540.8155528695581,BEARING_FAULT
12.357377778040826,56.129512546572684,1.249505197090694,1473.458602122676,MOTOR_OVERLOAD
5.188446334321879,42.860754647125766,0.6161509612258307,1528.7339154757665,NORMAL
6.784328034389048,53.741836917937334,2.3486671932618695,1532.4720670556983,BEARING_FAULT
7.969753937985017,96.33464362375194,1.4909694795379005,1511.2380050952715,MOTOR_OVERHEAT
5.011072476064637,77.4885147105638,1.060514745148507,1505.6272550108872,MOTOR_OVERHEAT
6.305239773269313,86.38890902435155,1.2351036225073122,1450.810217044134,MOTOR_OVERHEAT
10.477423473406517,56.330094641730035,1.7619541242902732,1421.4094007224892,MOTOR_OVERLOAD
5.2797073522673825,59.271277033398114,3.975341559766686,1542.4161660245554,BEARING_FAULT
6.0200975923250395,96.89557528281782,0.9974123974446107,1474.6458858120352,MOTOR_OVERHEAT
11.883103434321718,58.437209426970945,1.206447795632826,1519.6435212161389,MOTOR_OVERLOAD
5.961067334792549,46.408137887211694,1.0645294407457109,1467.034771146421,NORMAL
9.668914966996319,55.44219047191719,0.7654359648592076,1403.3483580625982,MOTOR_OVERLOAD
5.791783309834163,50.198804796381495,5.497856340089818,1601.9079728738052,BEARING_FAULT
3.9532484078154844,36.317538360818354,1.0040066774631018,1530.7441506198547,NORMAL
5.274815742668849,83.51363256353515,1.757241876796078,1397.6708771128012,MOTOR_OVERHEAT
11.91956631465618,62.55422286991021,1.275213114786207,1302.7797228557813,MOTOR_OVERLOAD
5.55810068277538,60.07195116600978,1.9181241182717188,1442.4426991774387,BEARING_FAULT
5.55461465431246,43.27816666615217,1.6094200494335509,1475.2778237285918,NORMAL
12.328528480479099,57.427011560142134,1.1940912916381066,1485.9872140562086,MOTOR_OVERLOAD
4.389197225555703,43.73095741877434,3.7585726650457056,1401.1941228752287,BEARING_FAULT
12.860894819289609,56.56171732881519,1.6038134983052879,1459.3093224744723,MOTOR_OVERLOAD
5.291525204095767,76.2167676518008,0.3841431063341322,1459.184211708508,MOTOR_OVERHEAT
5.973485855783963,56.942731508285526,5.64510949769623,1438.085506355169,BEARING_FAULT
6.508367253256452,75.86536022774453,1.3691925605906405,1536.8553740448724,MOTOR_OVERHEAT
5.870707309412639,41.95923964552438,1.497212836069749,1489.3783810148304,NORMAL
5.147666980763601,84.50901333783992,1.987259444394799,1449.760293498187,MOTOR_OVERHEAT
10.842820019528284,61.50115055100005,0.9887302862888536,1236.2856240361293,MOTOR_OVERLOAD
6.572045291797038,46.90540426237482,4.1711463372208915,1436.4339779509578,BEARING_FAULT
6.06075794814793,45.44245249031471,1.1802877854099691,1468.9410236740655,NORMAL
11.945918543725,66.67662465965883,0.23521386513706877,1431.6366919039313,MOTOR_OVERLOAD
5.348329549908722,45.872809239056096,3.2804180518454964,1450.9570985491823,BEARING_FAULT
10.874266217747055,56.964868084096096,1.8499630845871868,1356.041025795123,MOTOR_OVERLOAD
5.966612144723026,87.82995568134945,1.3606432691033241,1406.5849653362932,MOTOR_OVERHEAT
4.963205392502692,43.99558964785235,1.1108074179099714,1623.5404877944113,NORMAL
5.511028703619545,90.26922600048837,1.0052550484173142,1381.0466897044762,MOTOR_OVERHEAT
6.935452692194055,54.69725652989655,2.831657928069413,1451.2745152207333,BEARING_FAULT
3.3758702043634425,52.3729212646976,4.921925334507552,1124.6428119381737,BEARING_FAULT
11.120123936934629,52.529882342030575,1.1648650674598953,1388.8312081227377,MOTOR_OVERLOAD
6.36748269973428,52.539817894645935,5.003129596080311,1414.7359147175075,BEARING_FAULT
8.38555690356411,84.38894098584352,1.75512904710242,1432.5188759754749,MOTOR_OVERHEAT
14.137503634093232,56.13280453461044,1.1615351725461207,1254.8190601059841,MOTOR_OVERLOAD
6.732427614061517,83.41154296520729,0.8116233420969214,1571.761207246409,MOTOR_OVERHEAT
4.127106508845326,39.95044280457134,1.1143814170242927,1424.08257925994,NORMAL
6.522407240989087,96.16191655486831,1.3049483204609276,1407.3648900916087,MOTOR_OVERHEAT
4.62253225112752,50.046514616602366,4.314864868778755,1281.6302462745828,BEARING_FAULT
4.643239809100052,51.63469206298138,3.8458897867610635,1672.3103556694623,BEARING_FAULT
11.63327999215616,64.07688223117223,1.1039215546087922,1540.4950454468112,MOTOR_OVERLOAD
6.21927480529804,48.26167894421995,3.3919417510057874,1608.4624183004285,BEARING_FAULT
10.71771221442338,60.383969849577184,1.0758594030311195,1405.7011772462852,MOTOR_OVERLOAD
5.381090568088642,42.25658929529343,0.886588212480557,1502.0732839597138,NORMAL
7.362619031798922,92.15225761356197,1.5965133101619768,1468.6358399316102,MOTOR_OVERHEAT
4.840135538593926,49.9552383011389,5.681427567593864,1452.2210527345394,BEARING_FAULT
4.134620518664353,40.66155751025505,1.1898604970671864,1528.564549942132,NORMAL
4.944020810207905,39.01050731962185,1.2195440182962662,1574.0185293537502,NORMAL
11.814014519840493,49.63530493747952,1.7202134599626004,1477.6129178724784,MOTOR_OVERLOAD
9.952620954705708,62.04413921389718,1.0862117513149596,1384.8543741945682,MOTOR_OVERLOAD
9.984053086899452,56.11634527151289,1.3136840473331195,1287.2533403627747,MOTOR_OVERLOAD
7.205033997410003,85.39234262406869,1.0856886711911924,1563.3607072483032,MOTOR_OVERHEAT
5.000050635854849,47.37421877962227,0.8633556253435548,1467.2600959035847,NORMAL
3.552331801442306,49.31137342298073,0.9872698569762676,1525.2320065658407,NORMAL
10.765904748767147,45.054656954188275,1.6672584900831333,1376.5862965318515,MOTOR_OVERLOAD
11.892428687265202,57.683671743975175,1.455922688215409,1367.548589398973,MOTOR_OVERLOAD
5.8928329138559885,90.13818580920525,0.8482895820880549,1399.7341044282111,MOTOR_OVERHEAT
5.158230322613912,39.6944155867258,1.2092464935763,1445.6449101630794,NORMAL
12.567596998656686,70.13553642798941,1.2513605638613832,1453.8389939331582,MOTOR_OVERLOAD
5.80974282160962,85.89674287454808,1.2576510444895115,1421.743646615416,MOTOR_OVERHEAT
6.036410128498511,45.2139265072876,0.8529333549883674,1522.010149721348,NORMAL
5.003744453982672,46.05858424607518,4.084722354327524,1369.48628502143,BEARING_FAULT
5.951210037702891,95.04425152115175,0.6014257452874087,1429.4201577563717,MOTOR_OVERHEAT
6.114639590926746,46.106469851472625,4.276235908057858,1333.9827471067324,BEARING_FAULT
11.028991135501084,57.79584398390155,1.296729677230671,1499.7941069458946,MOTOR_OVERLOAD
13.678431122931958,60.84203134490081,1.3654889020232073,1349.4086594520516,MOTOR_OVERLOAD
5.246677770978371,84.91662404379927,0.8292088530528012,1571.6959820325392,MOTOR_OVERHEAT
6.498317189505029,71.81670119141224,1.3220519039213157,1474.5636230403293,MOTOR_OVERHEAT
11.599287134067701,61.69904645480682,1.3916731339136692,1350.4690434019512,MOTOR_OVERLOAD
5.476008341119955,44.75899261439485,0.948138675266969,1500.1653153061945,NORMAL
3.9785417294035548,88.98268924461753,0.5193932816337536,1525.057378299351,MOTOR_OVERHEAT
10.188028466846527,64.79230820326407,0.6175612239128964,1353.6075338150458,MOTOR_OVERLOAD
4.5001779663223935,49.09805070170676,0.7547324805010104,1451.3798856461722,NORMAL
7.321231754754217,56.98928989288768,4.102558467124481,1486.4454516971273,BEARING_FAULT
4.968019610009637,47.11262489539549,4.094036139072034,1348.0791357078897,BEARING_FAULT
9.516206342553982,55.07730513761424,2.0488938702545814,1444.3251869156697,MOTOR_OVERLOAD
5.32715114471592,87.18137328972219,1.0088326420984735,1498.4719500838587,MOTOR_OVERHEAT
6.450945726538635,79.20715692018396,1.3030969953397338,1515.1347261863739,MOTOR_OVERHEAT
6.313617574039483,67.2643916865374,0.6084993812188534,1429.4533627041578,MOTOR_OVERHEAT
4.121934798897798,42.80178951547967,1.145524530119239,1482.0448951887847,NORMAL
4.098497926375462,46.32115978246637,1.1453360317745265,1452.380649812466,NORMAL
5.8625185506828466,75.43176503454757,1.2275807841653545,1493.8220811483834,MOTOR_OVERHEAT
6.470038951600878,84.97758947178083,0.6753596788830916,1491.5727213415134,MOTOR_OVERHEAT
5.06472826660582,49.90413563964272,0.9178888012546695,1509.034393452662,NORMAL
6.771438955630267,61.979536978426665,2.3944602329179543,1272.0825427406746,BEARING_FAULT
9.219015336406589,49.54027905991333,1.7397406969150624,1519.1777801768299,MOTOR_OVERLOAD
5.792838237999343,46.61242630114785,3.5321477339790652,1454.304716361909,BEARING_FAULT
6.031677626685841,78.88856056582824,0.9497593345106594,1495.424511920496,MOTOR_OVERHEAT
13.144681178705628,59.407877126228556,0.10567098635603056,1339.1172877098572,MOTOR_OVERLOAD
7.812484812645476,62.683246656979,1.5485006443580223,1426.7795925514233,MOTOR_OVERLOAD
4.804242796986176,45.87833970871978,1.1662990013897172,1523.1261966745808,NORMAL
6.029636986359406,83.78055067081583,0.8582693134351801,1534.882702829096,MOTOR_OVERHEAT
5.332469900794456,44.90281046491674,0.8935908091120968,1499.6688046428164,NORMAL
4.676129144979599,83.17345763623277,1.0817322531691147,1479.5731749217973,MOTOR_OVERHEAT
6.95667985978226,89.07305454117947,0.8379558687080172,1461.661187029218,MOTOR_OVERHEAT
4.859159196752774,84.68000499273322,1.0867186517522267,1452.2236079704485,MOTOR_OVERHEAT
5.519581183050292,41.7935246369262,0.7747826145204663,1559.2181213572273,NORMAL
11.150214368690115,48.8404848598739,1.1989703848035191,1309.759743324518,MOTOR_OVERLOAD
6.398078547803657,47.835716942818436,4.576568510896498,1491.8153161911202,BEARING_FAULT
5.571968329238567,45.034806484276395,4.714394379236146,1151.6841934877596,BEARING_FAULT
6.549800034521938,91.53393162928216,1.4535832579071961,1477.6746993986608,MOTOR_OVERHEAT
5.9388308130019425,47.469126321969036,0.8374049799321422,1495.5134439955766,NORMAL
5.355866361656528,57.46352303637987,4.192046957454941,1364.6856787898028,BEARING_FAULT
4.886045695386645,37.9391187387886,0.9012371804922976,1489.4563939936702,NORMAL
10.723830601824254,53.48125363725425,1.2189404026799167,1437.7360532050104,MOTOR_OVERLOAD
5.921453595197595,39.49445000368821,1.0052003887453922,1445.2823089047256,NORMAL
6.208007738573323,83.0047836121459,1.2651059928521635,1590.5349853884697,MOTOR_OVERHEAT
5.398431219555194,84.31868503323042,0.6868713832161248,1543.9860152718595,MOTOR_OVERHEAT
7.8373432256761575,70.79585396820218,1.3857327239346144,1377.7080919517484,MOTOR_OVERHEAT
12.269260194541793,59.23213409350875,1.4537717750478636,1328.1247626596735,MOTOR_OVERLOAD
7.762625505878109,50.020653865356515,1.3670605858906808,1366.0675793415246,MOTOR_OVERLOAD
11.54950545340109,51.07248631344205,1.8644668696597104,1436.244888471544,MOTOR_OVERLOAD
13.766174620091403,61.541866567331795,2.5407543214979453,1436.8179738565032,MOTOR_OVERLOAD
5.268859618361722,45.78105212591909,0.9410504738805678,1558.7232729066118,NORMAL
12.664136283788086,60.29707425319087,1.3737020889618214,1518.242543546157,MOTOR_OVERLOAD
5.417283683860944,44.95684108712914,4.228769981904929,1286.384747098246,BEARING_FAULT
6.596261249768973,79.27281337469846,0.8355844900436905,1435.5041196084162,MOTOR_OVERHEAT
6.027677928475433,54.54435441642233,6.653106724090514,1483.924797379191,BEARING_FAULT
5.980071644210081,46.31222427389595,6.603701817259714,1670.4594008790552,BEARING_FAULT
5.878175701895021,49.87301298374457,4.879327740509264,1490.610056520274,BEARING_FAULT
11.842492711704104,54.61295700631788,1.5128704639380617,1351.0723353296705,MOTOR_OVERLOAD
4.700422640876509,35.19651148583965,1.203245452627418,1441.7205831687493,NORMAL
9.424004151150276,53.58395259886137,1.2938116948652791,1296.1271616830447,MOTOR_OVERLOAD
7.196918662452962,90.58155492439636,1.187632906697118,1371.9554155945082,MOTOR_OVERHEAT
4.911534506049099,47.41174777502089,1.30636668676574,1439.1074307756776,NORMAL
4.657433803086923,39.83247092707324,0.9888252242343619,1533.0268381321464,NORMAL
12.743694507022994,63.20725660039067,1.30411469093499,1372.923540300647,MOTOR_OVERLOAD
5.093491910480458,47.027155281751135,5.8651943419240276,1305.206507077098,BEARING_FAULT
4.794328309481372,44.42388935978129,1.245802929117924,1544.2402516601114,NORMAL
3.605663024911041,46.96964205052939,3.765124094899783,1124.965649498031,BEARING_FAULT
6.071101041243279,49.39676622219125,1.323702891770834,1490.9031747697738,NORMAL
12.349738748192424,61.96765065329827,1.703220105144237,1365.0812417307986,MOTOR_OVERLOAD
6.053971296221333,49.111044943630866,3.808930779564081,1387.8443272103184,BEARING_FAULT
5.2634520073577455,48.21828120633935,1.0837724661800687,1525.9045590887824,NORMAL
5.42410978453943,47.204766914806775,0.4795071753863702,1469.5654101980729,NORMAL
6.368897144044704,75.98620731157068,1.3115950640491594,1481.6155541048824,MOTOR_OVERHEAT
6.993283233394125,88.31337923583115,1.1065253115659188,1556.8592607503574,MOTOR_OVERHEAT
4.799326296586474,41.01432549599044,1.5806143550587328,1519.385740452468,NORMAL
4.5039769718498635,40.00376011728779,1.4197409145088262,1551.3117142441085,NORMAL
11.484363845607085,63.37468306622354,1.2080003215888873,1337.5636700393068,MOTOR_OVERLOAD
4.951983385088446,47.64035782104123,6.991417427712898,1425.2320524741378,BEARING_FAULT
4.464121627049082,48.57142326529182,1.224929666097437,1551.9738772221417,NORMAL
9.80099530351254,48.95729928619308,1.4715212871335641,1356.8048657125807,MOTOR_OVERLOAD
7.597186074156234,87.95881803916197,1.4685733941292796,1503.815819680337,MOTOR_OVERHEAT
6.5032857844490914,85.70708847763318,1.3043139002034212,1514.5547000747906,MOTOR_OVERHEAT
4.8303225505114575,44.05666302474327,1.3084160696197549,1437.451795258274,NORMAL
5.67634472418082,38.37961862725926,0.9969411653124861,1504.7465667889599,NORMAL
5.03780142100082,40.222538077102165,0.4314862450156357,1451.523611200749,NORMAL
4.808536041793461,45.15877410639025,1.0834998818711512,1496.0454753615086,NORMAL
5.474483673014048,38.270694072835894,1.037122004323417,1514.2702516123343,NORMAL
6.1437419425058515,49.75993824124136,4.5420834162016686,1684.8347230137178,BEARING_FAULT
4.222116603155143,47.05279924430872,0.83928553816918,1498.3863045386395,NORMAL
4.540047916740109,91.0852779881783,0.6515302426111667,1428.6002767023047,MOTOR_OVERHEAT
4.814066042918757,48.98011550993755,5.811190506765616,1521.8980554317932,BEARING_FAULT
4.268712163745823,41.48196148536423,1.131296702060292,1512.8179805538416,NORMAL
6.389545988692286,88.81274178020479,2.0064131893567234,1532.8096230440524,MOTOR_OVERHEAT
5.199842223570953,52.14127357689891,0.4472846613907985,1490.8893781767463,NORMAL
5.342697841301952,53.063219176787065,4.067460416207647,1400.4294295943464,BEARING_FAULT
6.609946892147628,83.39710514732866,1.6583893253333426,1380.5168969898882,MOTOR_OVERHEAT
5.63732968129294,81.15583899191333,0.9290534703527153,1431.7583487323145,MOTOR_OVERHEAT
5.383892007315662,82.5581711382994,1.5624953086613704,1514.7696452761322,MOTOR_OVERHEAT
8.231656594325393,82.47799718269331,1.6389067323664752,1596.1661680181508,MOTOR_OVERHEAT
10.582450339548352,57.640873613824894,1.148664786190439,1521.6762986712852,MOTOR_OVERLOAD
9.675701728178598,73.42193188566759,0.9871688505326552,1343.9365911264847,MOTOR_OVERLOAD
4.256291668118321,88.56485495047434,1.2212677841755437,1729.0744838223761,MOTOR_OVERHEAT
6.604863265941886,82.05891561074637,1.2920178709215555,1389.147646999541,MOTOR_OVERHEAT
5.177850800485196,42.67311460319101,0.8699117544537437,1541.3523776559591,NORMAL
7.572548668849194,55.31905838312753,3.3933793023478973,1629.121583880939,BEARING_FAULT
5.32137034047338,55.24228277782202,5.481829086087349,1380.7222928599433,BEARING_FAULT
12.683839805224023,52.257083033151105,0.9082423332388925,1272.1822625700606,MOTOR_OVERLOAD
4.813709614282434,46.13227435203996,1.3420628436810207,1493.1420067404883,NORMAL
5.037864492203896,57.678262904318856,2.4855307023856437,1561.8796749675148,BEARING_FAULT
5.039927489515523,44.18823222529852,0.9135143625618044,1493.53115987835,NORMAL
4.997659557594545,58.417778561198986,5.693963032992562,1851.476186002622,BEARING_FAULT
6.134985863783822,57.99620579538935,4.606464496461195,1369.129846262489,BEARING_FAULT
11.852614286862229,61.15934350296145,1.706132729752741,1317.01992429875,MOTOR_OVERLOAD
6.03246189869959,48.68460298557917,0.8269454580555062,1521.003838958904,NORMAL
4.833392780094261,41.87546341650716,4.210899945926956,1252.528479435724,BEARING_FAULT
4.876737465279422,47.80289262743834,0.8463815742042619,1501.7863312385387,NORMAL
3.720772231561215,36.99381702224528,1.8111955321838158,1490.8988233854711,NORMAL
6.374871971755262,79.58693000895805,0.7857791261958984,1463.558064230457,MOTOR_OVERHEAT
6.311338609798639,51.43118432282082,5.20011929932545,1661.6679542745446,BEARING_FAULT
6.073735127322216,90.70969239660377,1.2683578297659475,1446.9350915307411,MOTOR_OVERHEAT
12.266301786039328,77.24896548349898,1.606709716905248,1502.2213090873329,MOTOR_OVERLOAD
4.910392428892247,47.678984108408514,4.041019922078612,1355.8352015631385,BEARING_FAULT
5.5523691004466444,49.888490499580904,4.19494293929062,1371.5846202883272,BEARING_FAULT
7.714683848892932,97.16279703090966,1.5811370595847456,1408.2136231631803,MOTOR_OVERHEAT
5.993835264529249,44.07848327850828,3.906939243717682,1235.0363489794506,BEARING_FAULT
9.755272426688705,62.17226288716389,2.040341453716507,1531.5229052291909,MOTOR_OVERLOAD
6.721229542000622,94.58738108324224,1.1743258218981287,1536.1956279313263,MOTOR_OVERHEAT
7.037788166873092,86.8367190557151,1.6272612548151022,1474.8681758831158,MOTOR_OVERHEAT
7.3407274281704185,86.11801469076877,1.25596893376113,1412.9555173729636,MOTOR_OVERHEAT
11.044750680689956,61.652738629175545,1.011575154080483,1444.9024421120973,MOTOR_OVERLOAD
4.112357791509108,81.94259875254991,1.12158225281793,1519.286865146285,MOTOR_OVERHEAT
5.149421673384166,39.3601211876645,1.6475977032114502,1553.8929296645424,NORMAL
4.499136607944838,43.34211821478159,4.685403898953327,1348.7018652603026,BEARING_FAULT
9.652973369878694,60.43144054783859,1.5342422567239127,1391.8211417630287,MOTOR_OVERLOAD
5.784859071517119,84.58389224531578,0.8429216326302924,1432.4482796024188,MOTOR_OVERHEAT
4.709498339999853,42.14578407451858,1.5334962720159466,1458.992832222233,NORMAL
5.03623155705465,40.51427581593098,1.139649032249884,1497.1533204458765,NORMAL
6.102177043888794,47.92213056110958,4.080757073376348,1332.9885383927465,BEARING_FAULT
7.105932507646797,97.86801479368108,1.30853601097314,1413.0376770880146,MOTOR_OVERHEAT
4.432277068233475,81.41218585625589,1.9494452754089053,1494.2920392437206,MOTOR_OVERHEAT
3.615228782823057,54.83379416058242,4.274079148840854,1267.8356831627298,BEARING_FAULT
5.986186516594027,78.56007103481997,0.9178051266542568,1397.443890960358,MOTOR_OVERHEAT
6.709718914267324,79.71429120246039,1.1113313229617423,1509.0535544651736,MOTOR_OVERHEAT
11.26833756755777,50.722656192748865,0.8955984825140366,1421.2978387707649,MOTOR_OVERLOAD
6.353458344150015,61.439871873673475,4.391085667833877,1417.6058347698463,BEARING_FAULT
3.144889865054015,53.279993275810504,4.242304002480337,1518.8474350669098,BEARING_FAULT
5.2323947312712935,86.02102301577297,1.0122378995584427,1544.825108085339,MOTOR_OVERHEAT
4.674936516731082,57.82860281930943,4.898519373767986,1379.5895902549214,BEARING_FAULT
10.272799400746644,45.89053548520199,0.9782008721830355,1404.189305855211,MOTOR_OVERLOAD
5.27349440697745,89.58728182205425,1.4608224421709923,1445.3512788262724,MOTOR_OVERHEAT
6.255900985358357,46.49220927373671,1.2725179891801912,1484.9122850084373,NORMAL
4.320027671597912,40.54153214772829,0.5779257503194415,1508.310023904565,NORMAL
8.425626983773173,53.59630725031641,1.5845854606270189,1349.1812775102137,MOTOR_OVERLOAD
5.421172175732762,37.51512753575605,0.733760852577352,1523.3514618117179,NORMAL
4.3567201871438845,42.187723676408794,1.1019425723471292,1497.5333872317383,NORMAL
7.022768239856916,54.1010807744163,5.493691191057804,1205.0030700591888,BEARING_FAULT
7.919955579482465,84.35706347342446,1.3605000908633365,1594.7610792972118,MOTOR_OVERHEAT
6.127704970706716,55.38056133359012,3.7844065763887738,1476.6275641610634,BEARING_FAULT
4.939219929529938,42.43430324225123,5.417160145837821,1413.6842753885983,BEARING_FAULT
5.9966499711528485,89.64603120579794,0.592835749161866,1462.2020941451199,MOTOR_OVERHEAT
8.515406363782773,89.45069283532138,1.434413933849171,1460.6612893448794,MOTOR_OVERHEAT
13.409541725946077,69.56421853138137,1.852930978358586,1438.329937437047,MOTOR_OVERLOAD
5.522776632887542,50.991811321801045,5.582480182850974,1295.6617563276936,BEARING_FAULT
10.445816993264378,59.43495210746343,0.9065678012292757,1316.7008610950309,MOTOR_OVERLOAD
5.873027345762427,49.79407934606677,0.9789961423561598,1515.3889325834093,NORMAL
3.7978866247600918,45.70904546779542,0.7902934440688221,1488.8311632315326,NORMAL
9.114524486945976,49.94029328733878,1.2336940333384512,1431.3050880341877,MOTOR_OVERLOAD
5.030558295280315,83.74232758203549,1.5824594607598195,1527.3069130175427,MOTOR_OVERHEAT
10.267836836992098,57.595944083145085,1.4822321749346308,1312.5971212982308,MOTOR_OVERLOAD
5.704322489017135,50.739352957300696,3.428147993762736,1356.1975875158937,BEARING_FAULT
4.051043360327634,48.66372120911839,1.450608775552939,1521.5721821177149,NORMAL
3.8932972504885472,52.484657578399315,3.716703226702752,1302.3638212779874,BEARING_FAULT
11.82759240356567,53.21825408031276,1.8999307188915244,1327.6101912011318,MOTOR_OVERLOAD
12.334120184786787,60.51520364974363,1.0069983778704203,1441.5256570337451,MOTOR_OVERLOAD
4.266575412476058,39.45423098691923,0.7500212225388261,1498.0163876847225,NORMAL
5.977362168574395,37.26187705714753,0.48655805208086234,1526.2727410688055,NORMAL
5.7549012542442,45.119936073763206,3.399217286736918,1268.7736471478247,BEARING_FAULT
5.136002914022955,97.03191415610831,1.8439783314971487,1465.0799864735584,MOTOR_OVERHEAT
10.444080419690206,56.67508728669802,0.8594972716755072,1470.059277100876,MOTOR_OVERLOAD
4.315653317672077,82.75945784693226,0.404735669847452,1522.4891534874384,MOTOR_OVERHEAT
5.01222406132269,51.201881677767254,4.492568766588076,1668.1036604537903,BEARING_FAULT
10.901295018391723,51.93380387978047,1.1439178823333878,1430.1705987448822,MOTOR_OVERLOAD
6.52252394189016,51.02391305149749,3.918220773001985,1546.3371133350686,BEARING_FAULT
5.306733088728521,46.095369593233826,0.764261119185168,1485.0084338912698,NORMAL
6.560947970743663,47.28554570074478,5.4004063240384514,1185.1878042384953,BEARING_FAULT
11.879873506000223,53.497748150041126,1.9438524228126535,1314.5134341854105,MOTOR_OVERLOAD
5.464997769859133,89.119990109464,0.8763430168749625,1400.9908830023496,MOTOR_OVERHEAT
5.880863957058663,84.7654104653778,1.2026178762501665,1553.455412328759,MOTOR_OVERHEAT
12.36288020241972,53.68548712666923,1.18381473034382,1374.6376304168134,MOTOR_OVERLOAD
13.142507459395869,62.66329921873675,2.0032443664857356,1464.7827808222576,MOTOR_OVERLOAD
6.3410318917707835,78.16233165469413,0.7768133992323214,1485.819770628294,MOTOR_OVERHEAT
5.079664271550135,51.02937053291303,4.846350913879743,1453.474953446474,BEARING_FAULT
4.7709572636010025,45.247665934719834,1.0475344151499204,1479.103502742759,NORMAL
5.586409443627454,42.77987715060134,3.380730031573165,1682.9019896855752,BEARING_FAULT
4.889082581872843,46.359501444770814,1.0044040419669134,1450.9843280212356,NORMAL
6.652415461558755,84.83778589034723,1.6087854106043256,1452.338562900273,MOTOR_OVERHEAT
11.477717100194871,60.68452426721427,1.4846215671845115,1335.3742091750805,MOTOR_OVERLOAD
5.3700885198138675,51.786346731883405,0.8247912000333977,1568.0317103371326,NORMAL
11.639671124297413,63.20309088467208,1.776209881982257,1354.8978416803623,MOTOR_OVERLOAD
6.215648183395442,73.04789042736253,1.4106024804119721,1476.5551567043499,MOTOR_OVERHEAT
11.654419179849295,52.31762303743629,1.6993871618491998,1386.3444683024904,MOTOR_OVERLOAD
6.932183624660242,97.69978418343928,1.1210754604453583,1574.2150524167123,MOTOR_OVERHEAT
5.746968427187867,40.74576108226113,1.1534541105757574,1460.756513675349,NORMAL
7.436429279466497,83.62619534752416,0.5987692099023344,1362.070097679679,MOTOR_OVERHEAT
5.313513336017268,41.81124983409231,4.141719345214716,1508.3629736851906,BEARING_FAULT
3.5568877527253075,50.80739715156191,5.064321560677899,1429.8877599795444,BEARING_FAULT
5.484204969166682,44.241777953842885,0.9294548060156693,1561.777979124747,NORMAL
11.60920588205816,51.82238443069132,1.4326786314858375,1275.979886377177,MOTOR_OVERLOAD
6.429465783154834,83.82239201092132,1.5605579279698878,1505.4931117540889,MOTOR_OVERHEAT
5.40733767970648,38.17559095284439,3.950148150936614,1602.1362356103136,BEARING_FAULT
7.751460709180625,81.10084183452372,0.9929588584378004,1429.0882651438044,MOTOR_OVERHEAT
4.86474113046314,45.12948040290812,1.3427767668370345,1436.204989439376,NORMAL
7.270502213855794,84.8774038399388,1.478088901355774,1490.9637451326585,MOTOR_OVERHEAT
5.506514065193581,83.17711800499312,0.9261349659507179,1445.9231111801348,MOTOR_OVERHEAT
3.2416433744883344,41.36358844558658,1.126740227271168,1421.199398721137,NORMAL
7.98794793579682,92.49918991060825,1.9390352659585361,1575.4843487033343,MOTOR_OVERHEAT
5.262274191702722,80.62497167660369,1.249183976398751,1546.438219546235,MOTOR_OVERHEAT
4.270465445537521,45.506386841110775,1.0202666452242473,1465.572678273419,NORMAL
6.231148028656329,88.8324078367574,0.6132553791389157,1458.7234590509563,MOTOR_OVERHEAT
5.474481032707393,42.84673518855368,0.47305698377610583,1451.4912480382964,NORMAL
6.447151299113467,54.825460060629574,6.976249788568069,1475.7684422799432,BEARING_FAULT
6.427778377652758,79.33696132561853,1.9959647606114403,1511.4378886164427,MOTOR_OVERHEAT
4.895430832654906,48.46884817263713,2.9253220564889384,1434.3013701870104,BEARING_FAULT
5.173350000301224,46.06694467190657,1.091040070245001,1502.2457336097666,NORMAL
5.317648044275433,49.10139213703102,1.5492862866269697,1473.9481549455943,NORMAL
5.156673563037735,85.88950863700656,1.5641141812769246,1481.007289824503,MOTOR_OVERHEAT
5.298996029365055,43.68302468366508,6.174109844784944,1417.2050475329806,BEARING_FAULT
10.28359656000023,57.370139891892,0.8412149086934282,1433.694326693138,MOTOR_OVERLOAD
5.348466257197878,46.31977415462906,0.9892525760002133,1552.401587714678,NORMAL
7.236708877779974,87.97515815796761,1.4249011974788088,1471.2774641263504,MOTOR_OVERHEAT
4.753450347501242,42.59790414930638,4.405748370990984,1643.6136191617713,BEARING_FAULT
4.332553116809949,51.4802812365442,1.5658567475668246,1415.601974124801,NORMAL
4.818428144317732,41.77487271726126,1.0665948333028814,1547.8651147594803,NORMAL
6.303232011182463,82.24070399818093,1.0023737368258363,1496.8139668883919,MOTOR_OVERHEAT
10.959566245347188,58.84324596950824,1.8021529843631043,1437.3341438464613,MOTOR_OVERLOAD
4.959211846409357,44.12025681893466,1.1919808497402373,1531.3981715475168,NORMAL
12.271809934246013,53.95211069090605,1.3822635683544024,1225.0965403498456,MOTOR_OVERLOAD
5.788884722903543,48.86068197091466,1.717066813195541,1472.386816832889,NORMAL
4.12696167476711,49.17882108806561,3.5435218177803844,1525.8896691470954,BEARING_FAULT
4.945921178979379,89.00856196293284,0.7099642026238211,1449.6262403255844,MOTOR_OVERHEAT
6.198377918448797,38.51634592676739,1.2983051404372956,1581.2934809884134,NORMAL
11.778654496935232,57.82101351433271,1.3035727492442795,1449.6570271382839,MOTOR_OVERLOAD
11.70454507922803,60.548106719234525,0.7313085034205205,1273.622504224446,MOTOR_OVERLOAD
5.501484737788602,44.09032234942446,0.928114853369606,1445.5593228837013,NORMAL
4.801107096741648,51.06576040235761,0.8625754594995617,1539.1437145465986,NORMAL
6.633381484790469,54.35031077413234,3.373309511540044,1627.685131133688,BEARING_FAULT
6.5072124628336345,80.61032846403417,1.388657784925764,1454.6909436359892,MOTOR_OVERHEAT
6.8285843415236425,80.34424279580443,0.8858024103586621,1428.1712068491802,MOTOR_OVERHEAT
4.46125442472278,46.47372249140524,4.242009875772792,1612.2675500746186,BEARING_FAULT
6.535150579390509,70.85482095311008,1.3755751546595407,1484.541152221958,MOTOR_OVERHEAT
12.660738928164943,68.86760608935472,1.2006985869471292,1419.7483143304974,MOTOR_OVERLOAD
6.225606099463997,40.22515727871098,2.5093968280057655,1404.7260733226221,BEARING_FAULT
11.751219700319167,64.3272021792525,1.1019005519225378,1434.1559688631348,MOTOR_OVERLOAD
11.629245908464572,61.40986785379528,1.461408938981569,1411.7031636886813,MOTOR_OVERLOAD
4.857889841294189,46.030561683684645,1.3494833335564382,1476.6802446534373,NORMAL
12.86424557580236,63.9239385641617,1.9751981765873858,1381.962237223981,MOTOR_OVERLOAD
6.648284606791586,82.40415582819442,1.3401380400160035,1428.5426591103621,MOTOR_OVERHEAT
5.141269020985958,41.06002028910223,1.0928238519279774,1468.0137031080942,NORMAL
5.812192482989552,91.66957916180719,1.6831897667704951,1434.274589000994,MOTOR_OVERHEAT
4.5812240204999926,53.40792934519714,4.554231305427185,1464.483211944975,BEARING_FAULT
4.785189987155342,41.35422550745084,1.3401367817692036,1515.0102991266695,NORMAL
11.858143585397723,58.18707069198777,1.2614472745766052,1472.0863072190125,MOTOR_OVERLOAD
5.20973023949321,48.4407682658285,4.052075445893557,1393.9586432662013,BEARING_FAULT
4.547883451785573,42.085558058961894,0.3702380972316268,1491.5381358767788,NORMAL
6.870939391334644,49.571917805427645,6.097252760146001,1648.8771524632618,BEARING_FAULT
6.91902060385798,89.70933937716636,1.040713875848525,1492.2155804730387,MOTOR_OVERHEAT
6.192290367461516,51.690358633636365,3.682715586279651,1186.7649262741597,BEARING_FAULT
5.9025375020073,47.877798663261636,6.804353886278626,1255.0949981139283,BEARING_FAULT
7.666567135103959,81.93315670151145,1.3858800853485362,1520.1286540286392,MOTOR_OVERHEAT
9.495023914457473,61.42120542347255,1.2116467173796566,1322.4758019048163,MOTOR_OVERLOAD
12.30287290660087,57.95253405925164,1.1249706772063484,1504.5028309215443,MOTOR_OVERLOAD
5.304513875230556,55.503809168289415,4.239388806403078,1488.304917652084,BEARING_FAULT
5.2296823306363285,49.54060363653601,5.413459860217834,1323.7919825536335,BEARING_FAULT
4.690558423670463,51.8084385766943,4.927325390916968,1274.6101586107645,BEARING_FAULT
5.933558112003205,89.18453619170708,1.2874580792143777,1564.808441031721,MOTOR_OVERHEAT
13.538472734176718,60.27606609508368,0.7877250994635733,1443.5191691458094,MOTOR_OVERLOAD
7.647501285437069,51.184823320340584,5.328300161491058,1515.6227049003064,BEARING_FAULT
4.694092430821179,77.69055694384184,1.40331687793542,1425.1577144455973,MOTOR_OVERHEAT
5.893152235891577,48.2769014697121,3.6332936210208087,1654.3971614510865,BEARING_FAULT
7.1142679680252465,80.8728295691098,1.1754706696403203,1436.3185603108134,MOTOR_OVERHEAT
12.76900671457881,56.59120363531349,1.6976292680023586,1449.7240608367902,MOTOR_OVERLOAD
13.318844719667972,59.022032624840726,1.9872948965805526,1491.68853112414,MOTOR_OVERLOAD
5.282252804264836,47.718910739433944,4.36962939114582,1449.270142266806,BEARING_FAULT
5.343845880457888,93.63357285056381,1.1813448799902846,1425.089518577601,MOTOR_OVERHEAT
4.68250984653965,53.33977952647457,3.749308361538247,1693.458135802533,BEARING_FAULT
6.959405553342084,83.62958051524798,1.04849134438666,1533.809654433957,MOTOR_OVERHEAT
5.138235685553872,55.305083132794906,4.108707377090128,1413.997427227484,BEARING_FAULT
11.302486313951722,60.76810067191424,0.46615769893837344,1355.3622393163046,MOTOR_OVERLOAD
4.418268754359142,39.77062884870888,3.76162683164191,1331.2938396151876,BEARING_FAULT
5.695848530497122,51.30278436252264,5.899848241553263,1636.9547064214298,BEARING_FAULT
6.216164663108992,51.26403032647644,2.5210304702589084,1658.8990972713343,BEARING_FAULT
10.158651363734261,39.208571087534914,1.1380574670632608,1482.5130450352565,MOTOR_OVERLOAD
5.654487841163861,47.68986753430756,3.180479654544111,1650.7268750287587,BEARING_FAULT
6.246188317432252,43.41902341998611,0.7517247277796015,1528.8490149119916,NORMAL
4.626699379847445,33.33136047721173,0.3294893506304002,1447.1830741262236,NORMAL
6.536202639259827,92.69591508678889,1.5864083600235874,1461.490124169828,MOTOR_OVERHEAT
11.477436803979671,56.68221308849551,1.354679681330885,1466.6360966098148,MOTOR_OVERLOAD
11.590587498971596,54.03305962831815,1.250929511554112,1318.6592340129178,MOTOR_OVERLOAD
4.495906113822484,42.76891461604231,1.2989664653495212,1496.1646558973612,NORMAL
4.400172662798371,39.638575167915185,1.0357371788098833,1473.2664652658118,NORMAL
5.441349855457024,43.991748738386576,1.0777862924604724,1445.2898440481176,NORMAL
6.6881216441955,83.07727735027844,1.5345995119740428,1456.3195056916638,MOTOR_OVERHEAT
11.550580290021331,56.44764168167538,2.056292070440483,1376.4906482021129,MOTOR_OVERLOAD
11.966222505727973,67.74871023939878,1.2970254613417642,1433.1126728591253,MOTOR_OVERLOAD
5.39035567269482,47.70960547476921,1.0883778527675136,1497.1200563024086,NORMAL
13.540649361143739,69.4527421507418,1.2726608846552148,1437.2231900318673,MOTOR_OVERLOAD
6.239487845800281,85.00460745756105,1.161160926534421,1559.1585189152281,MOTOR_OVERHEAT
4.97554248431874,43.5456668387728,0.8151474747476428,1452.4644458160692,NORMAL
9.873953095243758,63.20839899310703,1.2244524602782094,1317.2591312687907,MOTOR_OVERLOAD
8.065770475454414,80.14366232116478,1.2273107539320296,1431.7233126200813,MOTOR_OVERHEAT
4.630113085020902,59.931107836316194,2.866017336594726,1272.9271265612151,BEARING_FAULT
6.59560280789395,93.96903249318794,1.3770639710010186,1505.598269067704,MOTOR_OVERHEAT
5.801355804126918,89.51307327844945,0.7629125338748708,1425.752715577474,MOTOR_OVERHEAT
13.279287018963776,55.52994332596563,1.5210914003599052,1371.6744952504434,MOTOR_OVERLOAD
10.337216326560696,60.88184690334512,1.0814207769808037,1542.055842589257,MOTOR_OVERLOAD
13.917143356475734,65.35096873059913,1.1438542701601342,1394.4458906544892,MOTOR_OVERLOAD
11.804452148312409,57.87943270974522,1.375934557740991,1341.7108509968573,MOTOR_OVERLOAD
5.218072602703444,46.38290631920632,1.4117027028599556,1446.4982522682842,NORMAL
7.026866585699903,85.34908190801032,1.312210684724201,1424.7110336991366,MOTOR_OVERHEAT
4.754966823647164,40.45230967435826,0.9717954477744534,1406.4100753717041,NORMAL
4.969281732910042,48.23677892741269,1.451352015576768,1515.0043265501677,NORMAL
4.289033740149785,39.32926331936172,0.7768417218713097,1472.0711416106972,NORMAL
5.450270717483875,43.342107736656565,1.130202947035032,1578.6450988550237,NORMAL
5.594431066925659,51.03556715057414,5.123669395240692,1444.80910007041,BEARING_FAULT
4.9751606476796795,39.551582945390315,4.817206162053601,1421.1973360989127,BEARING_FAULT
5.581398722165515,47.645512759566834,1.2927952150882156,1467.5644422476564,NORMAL
7.6590964440941836,91.1883944565821,0.827279323622671,1544.7053515853554,MOTOR_OVERHEAT
10.46050748199904,56.87066487224842,1.205848002874804,1398.8996496312616,MOTOR_OVERLOAD
9.724963748431557,58.700560527235396,0.991948766943725,1604.1306618632098,MOTOR_OVERLOAD
9.367538310417961,57.07869806697977,2.155269788194083,1264.6844721838518,MOTOR_OVERLOAD
8.83482980459474,47.150574669975896,0.7621021014734349,1561.4612435033748,MOTOR_OVERLOAD
11.847065004819742,57.609030291155854,1.126617868088854,1288.5373995715681,MOTOR_OVERLOAD
6.412017689634625,53.098291136741885,1.5483493819347807,1641.2612908237427,BEARING_FAULT
4.8081972701856195,54.78052058023567,1.8572315269419595,1496.969140941607,NORMAL
5.5983396942458565,51.86258998435117,4.772663924518532,1436.6449466312843,BEARING_FAULT
11.750696787477677,59.22018714817426,1.0628383942682906,1379.0538245491405,MOTOR_OVERLOAD
6.22293069296146,79.08384131011157,1.196337321991338,1394.5640638833966,MOTOR_OVERHEAT
7.626986252281121,105.29160429491665,1.446747825102148,1564.4499024368997,MOTOR_OVERHEAT
5.444402436170805,49.21772348537377,6.37663117662152,1368.3119769110406,BEARING_FAULT
3.882892908054493,41.48143029052997,1.0027519744546387,1486.8378531180713,NORMAL
4.538775766162456,42.83031312982523,2.9823692403600255,1383.4755471840595,BEARING_FAULT
13.395541789776473,56.394924868508454,1.468580296222135,1392.747345941026,MOTOR_OVERLOAD
5.579207698161874,50.52768778602516,4.966534064397142,1387.0353205715446,BEARING_FAULT
5.727120474503937,52.769462793794816,4.560799848215494,1558.529327009321,BEARING_FAULT
12.945585794736738,58.60840020043154,1.2767845888376819,1306.747092807543,MOTOR_OVERLOAD
12.135677553011668,60.76687834815901,1.055757041480148,1396.4136892535835,MOTOR_OVERLOAD
5.815532360177367,45.28807056766821,1.1730125084630205,1446.2440435323467,NORMAL
7.114135524116706,88.02859306805783,1.5958410497321946,1446.18714054792,MOTOR_OVERHEAT
14.230201890756316,60.76445206071078,0.723013259661736,1469.9013003244957,MOTOR_OVERLOAD
10.970363210246223,65.82839019892911,0.7509943131302411,1393.0102983605466,MOTOR_OVERLOAD
5.928278888822879,90.89363832772838,1.0168294536035407,1392.5411585809163,MOTOR_OVERHEAT
10.336290585724983,67.76712381216439,2.325805327317103,1511.017701573674,MOTOR_OVERLOAD
10.074530744367834,57.159547352650236,1.6023286016753489,1336.0684933577222,MOTOR_OVERLOAD
4.920662806081297,46.90814050890583,1.517839712400853,1466.7295530294875,NORMAL
5.990475794727235,82.9872464545098,0.9143232706828097,1428.2033624674386,MOTOR_OVERHEAT
4.86685206418138,83.12327414882925,1.0856011011903557,1465.7609157360064,MOTOR_OVERHEAT
4.074091595065331,86.22604592170042,1.0665473074169676,1527.2117343905356,MOTOR_OVERHEAT
6.704167867452523,75.57943081746495,1.5707066061096506,1555.1614358224056,MOTOR_OVERHEAT
6.452039342879802,49.27927920595496,5.100825901779863,1386.1739208703557,BEARING_FAULT
6.336422597977682,88.28538676349932,1.2933771460281338,1458.1501377799357,MOTOR_OVERHEAT
4.934163528983426,44.05547963288806,0.7791180650384993,1481.7953066384532,NORMAL
5.31803882336088,47.302186039999576,0.8067375248840656,1425.6702935154985,NORMAL
5.403578644433825,56.20356318508743,7.235845890899492,1743.4632659851864,BEARING_FAULT
5.629504172864809,45.94730446715211,1.063259380626426,1520.8944085533788,NORMAL
5.284818253077921,41.28404333147768,1.3082743211661465,1556.1388153907,NORMAL
5.8828951837958945,43.42170859252242,1.3608102419608437,1480.2100627789714,NORMAL
6.0775222270969405,61.653553447251326,5.820011322584923,984.5356074451718,BEARING_FAULT
4.750785643892189,47.76041769905605,0.7917208713255793,1514.8930224024123,NORMAL
5.001450472628313,94.40852470371482,1.4770278601812818,1407.3097665335265,MOTOR_OVERHEAT
6.7039994611107145,93.24071732980367,1.9306999127033038,1636.8945519751799,MOTOR_OVERHEAT
4.33301549975777,63.39914098207788,4.584565939786175,1303.6790543098737,BEARING_FAULT
11.456225669279265,53.808205512025275,1.5187838060064154,1461.8953512879016,MOTOR_OVERLOAD
6.8743182273701,75.92444168552703,1.1641664819829267,1395.8382022822175,MOTOR_OVERHEAT
5.9226562586231015,47.64982209136839,3.5858263409284175,1526.71338515888,BEARING_FAULT
5.365256883334664,44.14478176763804,1.2531810674660067,1434.8783114419516,NORMAL
7.155355101449004,99.27974912050371,1.1536914779729484,1411.3076364619692,MOTOR_OVERHEAT
5.607629490691897,44.53800448280426,1.2368099667009116,1515.805712761269,NORMAL
5.634799035812498,50.14290884774722,4.78995077062086,1689.052349421121,BEARING_FAULT
7.024664679052735,61.51083674476646,2.128433039686646,1356.7633219176994,MOTOR_OVERLOAD
5.189896557003985,50.797379204945216,0.6728658242348567,1486.950252735047,NORMAL
3.607786392568313,43.13692734056769,1.1485818838205795,1472.0299160734382,NORMAL
4.266897918028987,53.37169036923236,3.47650943648864,1464.8262182589474,BEARING_FAULT
6.277548267216979,49.17949124981771,1.147689073581411,1519.4049023547832,NORMAL
5.332880365923267,56.897210864910164,3.9624521576995715,1229.4316713427631,BEARING_FAULT
5.638310919640615,53.383995000901756,0.390514129401092,1414.4999761567765,NORMAL
7.0413558395859805,94.99585838375917,1.3928438000809846,1526.9314422376797,MOTOR_OVERHEAT
6.071702311671643,52.5845839538204,3.785726795598637,1602.8557420024915,BEARING_FAULT
6.1272676372668835,47.04620121677018,3.36279103403598,1675.8916185968474,BEARING_FAULT
4.697625355153634,44.97153257948594,0.8398612181022375,1490.17994041058,NORMAL
12.795225063644187,61.168112078167134,0.648145563806282,1312.151811752854,MOTOR_OVERLOAD
4.47052512364219,53.84797183203358,4.156664181760154,1349.817527531861,BEARING_FAULT
3.896684893189119,49.35894931748488,3.6005350365724356,1424.0285546486193,BEARING_FAULT
10.307097216099455,56.13455996756456,1.5684049708844003,1290.8676912989047,MOTOR_OVERLOAD
4.623084023879265,89.7584893530878,1.1245359767677114,1578.853096536494,MOTOR_OVERHEAT
4.779050625927182,48.86919694337109,0.6890254075391029,1545.9750736383128,NORMAL
4.904489077171964,44.0533647013924,0.8538659317554466,1474.0376098783488,NORMAL
4.028076803364938,41.720984284916625,1.7374730817209678,1473.0811592909015,NORMAL
5.706447133386616,40.27999688613097,1.2479221929679774,1479.7532293323065,NORMAL
9.850219329531694,58.0715771991794,1.3680182114242543,1411.8366772339834,MOTOR_OVERLOAD
11.010101801152434,58.9656528196963,1.8852694000833994,1400.6190667537296,MOTOR_OVERLOAD
6.7461093952133915,46.453559045910026,2.752101461991378,1375.5220284946463,BEARING_FAULT
4.484424522270057,40.915819357286715,1.0477893351488923,1477.331478987594,NORMAL
5.545940619823749,55.11494095538667,2.983693725598889,1599.4658968244066,BEARING_FAULT
6.150274700687227,89.03212190139125,1.2314784385373472,1428.0881353100403,MOTOR_OVERHEAT
5.275293232713777,49.35553545878618,2.7322793128372167,1163.398195411945,BEARING_FAULT
4.364878350812955,48.44800020164853,1.1441002887644138,1462.867034768439,NORMAL
4.753443661499758,41.7991532135926,0.44125457421256153,1471.5178333526815,NORMAL
12.91629528761041,66.47564740381739,1.117709995663796,1344.0866930074662,MOTOR_OVERLOAD
6.905175140192551,89.57559721909948,1.3029853456304983,1452.2391226969257,MOTOR_OVERHEAT
12.098959349698235,49.464228107501505,1.7006836880059355,1413.2764251921642,MOTOR_OVERLOAD
4.5810653072759875,50.28398316311001,4.898670394818982,1418.468817802019,BEARING_FAULT
8.87448663034552,57.63811448131748,0.5234743517610637,1364.7073802443645,MOTOR_OVERLOAD
5.316028534077285,49.88654235030634,4.3574853301591085,1470.3871603461346,BEARING_FAULT
4.5160406574155765,42.287713886026005,0.44295687941795026,1425.890885532389,NORMAL
10.98195512015158,62.84067898328861,1.5690917513990983,1367.9813752075315,MOTOR_OVERLOAD
5.118065657994174,43.704060898014276,1.2940572615015467,1532.997515584564,NORMAL
5.1857720491455,39.59960352749432,0.7734341741748938,1515.8594726964368,NORMAL
6.923304484209102,88.2364672246974,1.8282865630078906,1574.70178413421,MOTOR_OVERHEAT
7.900472447197779,98.0903395591935,1.5689030240213238,1367.992223934264,MOTOR_OVERHEAT
6.435291405090223,84.14650178333106,0.7773654058929713,1559.9248435556724,MOTOR_OVERHEAT
5.1695521897515775,41.23787913799514,0.7285577490356734,1509.1384272692928,NORMAL
5.018550366819619,48.44211883184578,1.5526451975704791,1534.1695944230732,NORMAL
11.4775388398621,61.84181420599442,1.6011207291767084,1430.2037482852684,MOTOR_OVERLOAD
5.188108308470117,45.246818536201474,1.0746801731189974,1550.6309970066623,NORMAL
4.3756483684925405,46.50024860756936,0.7549620462189233,1549.0776350574376,NORMAL
5.0196692557257565,46.64788632850701,0.8525377521528503,1502.2482261235662,NORMAL
3.6139379380204133,42.31235190528129,0.4117463204591403,1457.051903491288,NORMAL
4.029620288632593,49.23977459719576,4.093990211938349,1600.6684478307911,BEARING_FAULT
10.779067529698164,56.385817094436035,1.2779888134438815,1317.0990969544985,MOTOR_OVERLOAD
6.64157933093149,46.07434263622665,4.642516556200341,1276.611093366589,BEARING_FAULT
4.991811924922822,42.67615924587407,0.9848115660829027,1518.8180142228068,NORMAL
10.73935641595676,51.25515689101384,1.6029695272201525,1296.5651956798743,MOTOR_OVERLOAD
5.397239322732643,90.11861281316169,1.5025430984340604,1395.6837131664784,MOTOR_OVERHEAT
5.6807541552712415,51.28021879699129,6.193686967775305,1301.397947173624,BEARING_FAULT
9.898889797784708,72.93552501414015,0.6038721738662313,1351.2353718189092,MOTOR_OVERLOAD
5.3669104201185,58.13246163541059,5.947406042441809,1505.7340632540743,BEARING_FAULT
3.957645537633149,43.70568268682956,3.9616373365723634,1315.3294382452036,BEARING_FAULT
10.035824645538913,58.06345123317445,1.3583487913130399,1493.3426529752192,MOTOR_OVERLOAD
9.211277109826284,60.35237269950245,1.6034912082617339,1385.3671367849834,MOTOR_OVERLOAD
5.26432641918504,89.96166660725484,1.1085039453569063,1442.3729269400974,MOTOR_OVERHEAT
6.125988801259726,82.71920947789685,0.9775165466759643,1429.2385230680318,MOTOR_OVERHEAT
9.62437617168454,59.026683391187625,1.0409089427686746,1340.099360990427,MOTOR_OVERLOAD
12.2995961005364,60.32882153984907,1.5784019146592803,1344.9062367741892,MOTOR_OVERLOAD
6.7629694170448,47.2218927019488,4.8875428788562045,1206.5409292479492,BEARING_FAULT
5.693187221664018,55.8429821088733,1.3148495817589956,1456.8417125180547,NORMAL
5.601654695182763,39.487962892608536,1.0041694627997533,1518.6531508868165,NORMAL
12.682676226476882,59.202806326457505,0.9624579699182647,1453.365348041996,MOTOR_OVERLOAD
5.186778525078633,53.15965205194795,4.739723201586952,1082.87742227184,BEARING_FAULT
6.889879925426029,55.311510005674926,4.227010584295792,1340.088347896794,BEARING_FAULT
4.637058452167679,91.69094007829244,0.6814802614826146,1462.9684408410246,MOTOR_OVERHEAT
5.153547035258418,55.82497636964759,2.014771789441669,1630.553030026449,BEARING_FAULT
5.189783606283367,87.2606870503003,0.6905298526585657,1446.2141376112481,MOTOR_OVERHEAT
4.644646491447755,75.09214464173914,1.4910453078693364,1493.0064878015687,MOTOR_OVERHEAT
5.779536978671639,47.4563967084505,0.4856542313511636,1479.1104608182998,NORMAL
7.795468367013152,80.12871478994971,0.9480837672672711,1536.8111952109089,MOTOR_OVERHEAT
5.267643320889248,37.36747834709893,0.6767250257188862,1527.5444680391556,NORMAL
4.7965801544596625,41.82160217949978,0.6858138560848568,1505.2719370804327,NORMAL
8.186457616582498,86.38063714184932,1.844180569284903,1567.7585405665839,MOTOR_OVERHEAT
5.660124604070821,47.930297326116516,5.5661394875186465,1504.1966911881784,BEARING_FAULT
7.07017250410851,73.47811413966423,1.1556121265214658,1455.3358316267909,MOTOR_OVERHEAT
5.370571999309021,81.74965026743556,1.3870707841896541,1482.556553425602,MOTOR_OVERHEAT
7.231401643718215,74.2047252613154,1.0574881618506926,1446.3915012887273,MOTOR_OVERHEAT
7.702527567647902,84.56897586764653,1.4626104562609252,1493.2212299684177,MOTOR_OVERHEAT
7.102419385969085,81.34242328834358,0.3440868929946499,1603.9117142852992,MOTOR_OVERHEAT
7.7837619981987,91.40012888360701,1.8433519801681244,1464.3501932655026,MOTOR_OVERHEAT
6.266616323204259,47.1531719815346,3.8290568176682647,1383.3353537973182,BEARING_FAULT
4.968068137568516,54.37371521675712,4.448657311649676,1507.165014191479,BEARING_FAULT
11.13826566129025,58.03318683177562,2.15326420720133,1410.17931591786,MOTOR_OVERLOAD
6.026671569929288,48.9305965110896,4.3262147063884235,1482.6064485908373,BEARING_FAULT
6.752519910317214,87.78428133252746,0.8464962685890737,1426.019205394144,MOTOR_OVERHEAT
12.55888041445109,57.03774018432842,1.3838717236365958,1358.0053988196257,MOTOR_OVERLOAD
5.986412348490285,48.88845917469963,4.970524196786098,1236.720823348767,BEARING_FAULT
7.808943156536463,94.0811263233635,0.7199746004945479,1483.7962152904745,MOTOR_OVERHEAT
5.859928703963703,47.253252294065696,0.735628465769185,1535.573850150894,NORMAL
6.399576292182152,85.6224880930663,1.447187052615062,1560.5876333040337,MOTOR_OVERHEAT
5.367835903414781,50.799383606511654,4.8265100918108885,1453.6333683779444,BEARING_FAULT
11.451687114278036,54.42578034751956,1.1798728107355712,1353.7325900110764,MOTOR_OVERLOAD
6.485542659366297,55.721231290728106,5.045345986198881,1141.6436606833772,BEARING_FAULT
6.225375543632146,40.41721060649115,7.127023293367304,1538.3996217246954,BEARING_FAULT
7.554280549092849,86.26655603664639,0.5884739319363333,1374.9350000473166,MOTOR_OVERHEAT
7.851347088752486,90.50619814262318,1.021783559460883,1532.4001187627375,MOTOR_OVERHEAT
4.840496724850772,47.778682446513635,0.5057511102857684,1450.0948880342482,NORMAL
5.5130115945783675,54.07057681559702,1.0994625085401077,1449.1257926199646,NORMAL
6.9017482798047824,84.7035294329002,1.5821616851131317,1486.0514859942627,MOTOR_OVERHEAT
4.401651903439111,46.97822662129141,0.758642010932556,1473.7405557272511,NORMAL
12.53231579897223,68.12542072483852,0.5865100447621778,1557.8316683824385,MOTOR_OVERLOAD
4.6171523752192805,50.42275108207224,4.333463816919042,1374.0770123877103,BEARING_FAULT
6.088770562978222,51.2447150713033,3.937926403886111,1413.6796347730933,BEARING_FAULT
5.307118475223882,49.60044127946749,5.886095966638265,1670.6118198233187,BEARING_FAULT
8.021559409502203,84.16398252471278,0.9166418959655475,1392.7323079358218,MOTOR_OVERHEAT
8.019885075110082,90.15188873405914,0.5992342700787716,1377.8112114671535,MOTOR_OVERHEAT
5.639588138472586,49.07617477296705,0.8906868121320275,1571.0687938847047,NORMAL
5.247639566957593,44.98146811110262,1.061623158088378,1466.3620344531816,NORMAL
7.736143972728934,90.87577701969938,1.2556729890593386,1447.5624706860867,MOTOR_OVERHEAT
6.4706671863540945,47.79516554128349,6.210487106774974,1510.125381528801,BEARING_FAULT
5.571232191883934,39.47220387454547,0.981004042086712,1422.449894919859,NORMAL
10.574985239438751,50.488886726920526,1.8942085954577195,1455.7064705121372,MOTOR_OVERLOAD
12.302265169590003,62.39626565661614,1.5529261361870188,1479.6024622707205,MOTOR_OVERLOAD
4.808116815889618,47.41531683921409,3.8037128165670873,1344.961563221605,BEARING_FAULT
13.835688489911679,56.00125140469816,1.8063734506227274,1474.0239651175661,MOTOR_OVERLOAD
4.852963609285578,43.026394638469284,0.6663867236922396,1464.3388218131186,NORMAL
9.789880622831612,59.000411017800154,1.6205428945422196,1354.9135010316859,MOTOR_OVERLOAD
5.0416286810796676,50.86872500283617,0.8768398035954955,1558.4719667018921,NORMAL
6.025915218053031,88.92974710843167,1.6384292169449575,1416.4665884130827,MOTOR_OVERHEAT
4.932300996724706,46.43323776149251,3.8296370531367954,1634.8643064518164,BEARING_FAULT
6.95462102356749,86.29929455383687,0.9054191291137413,1472.2103211492283,MOTOR_OVERHEAT
5.322820663956951,43.464796297169016,0.6007368242159528,1498.4435986085514,NORMAL
5.230970579663518,52.206967790988585,0.4872321688269534,1475.2142806794395,NORMAL
5.268688230033626,44.63651628149615,0.6491169992563518,1470.5699203899871,NORMAL
5.352158771849615,73.42153684317518,1.2414869845062186,1539.1593598035113,MOTOR_OVERHEAT
5.297388539589845,47.6648705246012,5.765322969126393,1389.147090717447,BEARING_FAULT
6.750740619911327,77.2149296574669,1.4967158213521907,1522.9421404395428,MOTOR_OVERHEAT
11.101181849101792,61.97558890255151,1.8675624194781215,1386.7272115919136,MOTOR_OVERLOAD
4.4975219575488845,48.771063204901104,1.4230485985905807,1508.1282773357561,NORMAL
10.3016198306171,62.38896585882921,0.917042909570243,1523.7701023634215,MOTOR_OVERLOAD
12.18927067777652,56.32842536316277,0.9858769629457069,1359.126987058666,MOTOR_OVERLOAD
7.799978352877571,84.71091879261606,1.109210258824128,1484.1813627436654,MOTOR_OVERHEAT
4.86758823477897,48.12537665932115,4.517520280256658,1669.9108427314359,BEARING_FAULT
9.013426687884667,63.95485968149832,1.2769781350136324,1379.4779554125919,MOTOR_OVERLOAD
6.097569122098333,74.00043626532235,0.8765070112749602,1452.5652876915344,MOTOR_OVERHEAT
5.262203780537571,86.63564620383728,0.46345800420665395,1435.095139499537,MOTOR_OVERHEAT
7.28041095822866,82.28760687489148,1.0692356452952843,1384.4609523670113,MOTOR_OVERHEAT
6.43370989408925,57.813291432136516,4.841611278358078,1486.6698349577619,BEARING_FAULT
5.1797165047276215,55.036848764468076,6.048459672927642,1488.9345892330064,BEARING_FAULT
5.197197201369488,46.44236671062737,1.171352219887314,1501.8605268085896,NORMAL
7.382197639943177,82.72322260490076,1.133166532994973,1446.2607356806784,MOTOR_OVERHEAT
12.64421354953301,53.1428952572164,1.0129998311087092,1352.0938923634571,MOTOR_OVERLOAD
4.9965003741782015,52.70255855633144,3.5111169964801365,1379.256449500782,BEARING_FAULT
11.015370026025346,67.07286134873152,1.6963046938271424,1396.4193887011363,MOTOR_OVERLOAD
3.711626582156807,45.106341365304395,0.9882703236350341,1543.8931002881147,NORMAL
4.4179102882091525,39.92794433262401,0.9354266630271536,1470.9052903736347,NORMAL
5.0948714509430655,48.65849621594739,0.8791651176681281,1482.1517894261094,NORMAL
6.626359106077903,51.644505846423655,5.5727379861671835,1522.1872930088618,BEARING_FAULT
7.212430118493036,88.60738107850932,1.2565848234200307,1517.385144010951,MOTOR_OVERHEAT
6.092779310487865,44.30464919962154,1.14094747696149,1572.0396240275495,NORMAL
10.107908984339005,65.14930487590087,0.8681693118650993,1390.5129928940137,MOTOR_OVERLOAD
11.91650293973789,56.415544180048826,0.6979488229317388,1416.2571009835754,MOTOR_OVERLOAD
5.306863964289742,74.4668148311384,1.7371523301478842,1585.1625065449969,MOTOR_OVERHEAT
5.141732270324036,52.63591270315963,3.9861459799043546,1482.785687391099,BEARING_FAULT
7.349653240962371,59.645087286916464,2.4000808233558613,1792.898872700755,BEARING_FAULT
4.626675532823169,47.47642007385941,0.8773302729373631,1435.2709092192642,NORMAL
6.178967739152235,46.706499169121315,7.6827500255843315,1603.734626041321,BEARING_FAULT
9.562311341457104,69.85205870707316,0.4377572485665798,1492.2066063121115,MOTOR_OVERLOAD
3.9541552349126645,46.07551680496756,3.149561529877106,1592.2419061328053,BEARING_FAULT
5.457574044470428,48.070937194535816,6.169614477583784,1576.3049427061312,BEARING_FAULT
5.992808356869152,82.11184795062441,0.7058025979974216,1413.8063941066282,MOTOR_OVERHEAT
5.033080798501135,48.90419880111125,5.066264580614167,1648.747653048129,BEARING_FAULT
5.269006600064489,43.02870426888712,2.9859130913427707,1448.6563155404372,BEARING_FAULT
6.517654309341764,53.31038568347911,6.849479109547019,1584.449282311442,BEARING_FAULT
4.453655069647131,43.18624680652563,1.120092972492902,1492.8571212842457,NORMAL
5.334758330236342,43.74620207670427,3.628966977773094,1241.5655491157056,BEARING_FAULT
5.558502935810318,41.90139257495175,1.3480278539930652,1485.3328482539791,NORMAL
9.56964377795896,61.66636720044366,1.2636140420834685,1461.478698987248,MOTOR_OVERLOAD
7.5478511045479895,85.02003803148943,2.294160529977371,1490.6186658451288,MOTOR_OVERHEAT
4.948339608907371,37.01013322844056,1.2414641697587137,1543.0289186997677,NORMAL
4.6028444353600095,44.3950094130145,1.1161176188187232,1455.6478810024785,NORMAL
11.504372369528555,66.10594563267081,1.8059119388200142,1341.562699287284,MOTOR_OVERLOAD
6.855359179664639,51.16071894321793,3.319171436755418,1508.2341089108763,BEARING_FAULT
5.59244308702784,49.76122281404047,1.1072094916467021,1410.5229800509592,NORMAL
5.871399658937267,51.55999180909477,6.325989596456342,1640.0386098455012,BEARING_FAULT
4.716035602412303,40.649495149878604,4.188733782637511,1274.5595747547175,BEARING_FAULT
5.007231908361096,49.47800272321167,0.8717306906223625,1543.6188796455426,NORMAL
4.689032094580235,47.968115611917966,1.2999022059615966,1489.5494243583498,NORMAL
6.184346291159386,88.16415145048958,1.551281871058227,1557.870786492193,MOTOR_OVERHEAT
7.7363431626109405,77.17293020325103,1.5146932193996892,1442.0730824236182,MOTOR_OVERHEAT
5.720183754955593,36.278535165047245,0.9119790726808078,1528.1210183618164,NORMAL
4.302752292359428,49.886914664870375,1.202793656742077,1497.449829400374,NORMAL
4.354252879808739,46.74183334382967,1.163163101233654,1440.1335809310847,NORMAL
4.514201009289029,89.44079713812935,1.224449421539253,1426.888063059763,MOTOR_OVERHEAT
5.131629500818314,48.41874292054224,1.0703293349446292,1440.0784089843582,NORMAL
5.503093522241807,41.059367870756695,1.181498012703662,1474.2055877345067,NORMAL
11.11239061784934,63.09319553581263,1.5433584765836492,1438.0401866521506,MOTOR_OVERLOAD
5.209265536427777,47.03959299390614,0.8790511969209853,1528.1676138049268,NORMAL
7.710681908963558,101.46619728118672,1.0589374999725845,1430.1847526351635,MOTOR_OVERHEAT
11.056819991734399,51.79818600688653,1.7885888800830283,1530.3358411847112,MOTOR_OVERLOAD
11.837772772411345,56.590204039012924,1.2143021826516358,1479.2213198163954,MOTOR_OVERLOAD
5.722552023489897,55.108438934677444,3.567163726327535,1201.429115815119,BEARING_FAULT
9.979896268957384,53.40647252027006,0.9176469647888299,1523.1881189224196,MOTOR_OVERLOAD
4.95982809626108,38.6444097432851,1.4409811692823693,1502.565472095126,NORMAL
8.411547762283051,64.75966209177516,1.597763493479086,1363.564506986428,MOTOR_OVERLOAD
6.7757814119258395,90.10312077003778,1.3482270180747453,1531.2470400721131,MOTOR_OVERHEAT
6.361952289802339,47.41291021740256,5.96080953768863,1414.825338443169,BEARING_FAULT
5.706010572168081,80.55537530176919,0.6484268246345786,1452.6455547895205,MOTOR_OVERHEAT
10.206442253648541,64.82121180070338,2.195801151857495,1381.2734341535884,MOTOR_OVERLOAD
6.046360715700676,42.29954419142616,1.4106353895710688,1493.0330175111521,NORMAL
4.323331541064972,40.5306895917949,1.2911493942591192,1492.8869709884525,NORMAL
8.016248643054091,55.13000343100363,0.9674537204810779,1459.1156723298757,MOTOR_OVERLOAD
4.751980580710761,46.026205941485095,4.52797157766595,1567.4997203529763,BEARING_FAULT
5.160845025260425,91.89011858834293,1.6894552776342788,1415.1216126162258,MOTOR_OVERHEAT
7.144734291509046,77.85122491562176,0.5543699722943207,1459.1366862894251,MOTOR_OVERHEAT
7.768945141433125,81.90041874927866,1.1428321892293478,1538.4813482967174,MOTOR_OVERHEAT
4.768513155056606,50.52930076585571,5.643100301561905,1634.0257670664087,BEARING_FAULT
10.937120433136506,54.80358596178835,1.0353105607247421,1389.9883529031072,MOTOR_OVERLOAD
5.238194782699304,45.84266751089848,0.8608598675945697,1518.396010652311,NORMAL
5.023347924140876,43.22795138703413,0.8069316625148056,1498.0037843565315,NORMAL
4.7177764074243225,39.49073737791853,1.1099353439714652,1481.9529857104235,NORMAL
10.493785395310075,56.5450192475318,1.861582421420005,1398.398637597526,MOTOR_OVERLOAD
4.9575884331836155,41.297286179886,4.438815384866885,1557.7263434042109,BEARING_FAULT
7.0090419685934915,65.59212472962408,0.9756166160407032,1513.9486943252095,MOTOR_OVERHEAT
10.265221687116275,64.86756003296428,1.9940091999095504,1382.0814269003383,MOTOR_OVERLOAD
8.08460018980353,92.762654010695,0.9487139017846355,1671.9365145869917,MOTOR_OVERHEAT
4.2470505832636185,46.89362993113724,4.891548989464588,1365.6312530064718,BEARING_FAULT
5.198624092997718,41.931131725877435,1.47580114928796,1517.5969586675067,NORMAL
5.666942819492346,53.48249962147731,3.837593216623179,1615.2638891993915,BEARING_FAULT
4.348441970639494,55.503975881506065,5.2992818283732674,1365.5234256518797,BEARING_FAULT
9.257149667600281,59.723863615455954,2.065730163441513,1292.6116530027039,MOTOR_OVERLOAD
4.232095425415988,41.32898585032994,1.247714092427593,1537.1018310925417,NORMAL
6.346689209458455,47.42338385731078,5.207255939599596,1422.521947405624,BEARING_FAULT
4.717085115530031,46.00178520104304,1.108902774314355,1540.3639921493602,NORMAL
5.337781143388268,49.43716776828159,3.3124168242859198,1399.4101808963812,BEARING_FAULT
4.170691090773776,47.61863811379114,0.9949489828799721,1575.0854590132658,NORMAL
8.737948634987012,86.08362162982262,1.1106147558510062,1533.39922195401,MOTOR_OVERHEAT
8.980156324485105,80.22011107874135,1.2472902860794717,1545.2016888060878,MOTOR_OVERHEAT
3.6315572927768462,42.34919436657894,0.4796165509188415,1537.4043504409115,NORMAL
5.2710611605645905,45.98148403598133,1.2264585677422128,1595.354441519275,NORMAL
4.524944722804095,47.95424175140773,3.1470175161959877,1391.2276926199984,BEARING_FAULT
6.454237935056861,94.91391534419297,1.1804458045425443,1493.545440585085,MOTOR_OVERHEAT
4.710325904765213,39.5590262496313,1.4151161083578998,1463.677502706834,NORMAL
5.1116174509171115,45.768220675826,5.169709863268371,1588.92233851691,BEARING_FAULT
5.93792812488988,70.6943933967881,1.0382763589984783,1497.219711585257,MOTOR_OVERHEAT
4.056775846608056,46.171735293989165,0.33415772241308417,1523.4099012543543,NORMAL
6.154635388795263,95.98984737275076,1.3489565876288936,1514.6605377320195,MOTOR_OVERHEAT
9.961977576151678,60.27615351800267,0.8315640057186374,1365.29330872733,MOTOR_OVERLOAD
11.37065384724563,58.908081601940445,1.4839321225859308,1374.2952071569694,MOTOR_OVERLOAD
9.772594941622312,52.14496997658995,1.6109420250951452,1344.5535558409433,MOTOR_OVERLOAD
5.940330551753034,41.666640320923044,4.569912873919841,1461.024272221519,BEARING_FAULT
5.182620037418156,46.71118559298853,0.9429784981297765,1530.5645762200716,NORMAL
4.915525468150169,43.46301634847772,1.2809708067570362,1495.4433442778766,NORMAL
6.612437002951478,52.694519705574336,2.4272225547575426,1366.8898697607194,BEARING_FAULT
12.914706324171394,55.720589055348675,2.2783914445752114,1427.5853662311831,MOTOR_OVERLOAD
4.575641282029122,43.46179955992833,1.2358597805958742,1534.6546493994015,NORMAL
4.846500757195506,45.9535534993497,1.4229718651825083,1460.2090752388542,NORMAL
5.5192461624505444,47.26769692735688,4.112112624433404,1207.595287704096,BEARING_FAULT
5.680571023401702,97.62428529569064,0.3552356850221754,1410.772975568768,MOTOR_OVERHEAT
4.989462304113532,40.59945778510278,0.7899747911062334,1516.097630133741,NORMAL
11.409981884805312,53.82004052496732,1.6456174504296923,1342.4650483229648,MOTOR_OVERLOAD
6.111649337623349,48.4980028351944,4.179588553089799,1020.5200131146399,BEARING_FAULT
4.913483001548917,47.55409834078035,5.541527829630317,1833.7767749656668,BEARING_FAULT
4.450963811965185,48.90219832538003,3.512942776243804,1563.6951572026767,BEARING_FAULT
7.03149382164567,54.65749577387871,4.94536152325174,1217.1479731961167,BEARING_FAULT
9.351613151614186,64.94933601277575,1.3484896734757426,1460.7240452417768,MOTOR_OVERLOAD
6.627158485265568,52.200883128692055,3.9690878316822364,1317.9502940749958,BEARING_FAULT
14.180121156576185,50.870807865277975,1.2227357292245487,1405.887128881558,MOTOR_OVERLOAD
8.659448789085356,45.256750480669865,1.0888763414560423,1411.1867276011985,MOTOR_OVERLOAD
4.7430033067021355,36.56818663289023,0.5999577043797397,1493.1836137106006,NORMAL
5.5862633179526835,51.90711658521025,3.2723711622089846,1533.8737719506244,BEARING_FAULT
6.473730570328032,93.01178097515526,1.4518466410592772,1483.7371725094367,MOTOR_OVERHEAT
6.4976586118130415,95.63358573713018,0.5451079080114589,1488.306071160992,MOTOR_OVERHEAT
6.291437596346773,49.44250917678029,2.1126738903312856,1473.866733482946,BEARING_FAULT
3.824845135761781,37.68641875423399,0.32715171351687,1516.06995677279,NORMAL
7.199262068943152,55.67455216188597,3.824590712654572,1616.5011751163447,BEARING_FAULT
5.564173678930153,42.29090326396289,0.8796235182040528,1502.7240385375087,NORMAL
6.983511696210095,78.96130339022318,1.38796488667624,1493.5359790334903,MOTOR_OVERHEAT
5.697842311277164,44.03189719535434,4.845385209982665,1150.8362287374705,BEARING_FAULT
4.965930639323059,54.02048196082724,3.0287446825372752,1441.289053099112,BEARING_FAULT
4.523518225984746,45.37673223292925,0.8157745673966895,1517.044957872777,NORMAL
5.705254802784953,61.30586764304061,3.6650635324742438,1470.0270070586819,BEARING_FAULT
5.793762337241991,53.36170924410812,3.6442265987450786,1622.785515889646,BEARING_FAULT
4.626052192856741,83.2867697833771,0.49714826796992484,1464.6223834558466,MOTOR_OVERHEAT
8.065788549238984,86.39877287656113,1.487148970266448,1385.6514751723935,MOTOR_OVERHEAT
6.373648333424074,54.24200528101898,5.444844199733147,1407.1891391882107,BEARING_FAULT
4.30948129448866,44.86682104193225,0.4699114305609837,1547.9891912137668,NORMAL
5.317646819621187,53.16364051472279,4.847232749539279,1674.750116166927,BEARING_FAULT
5.676171234093489,82.51173332786817,0.5369438482290012,1443.0931894644798,MOTOR_OVERHEAT
5.830586258403138,49.71377664480532,4.875459729115932,1421.9540944719195,BEARING_FAULT
13.292841221440797,59.82245501470797,1.2006307168115868,1370.7921619191397,MOTOR_OVERLOAD
10.421241838082567,48.494701966768886,1.8764307112960068,1487.213282695253,MOTOR_OVERLOAD
5.353728131621361,51.41691641874006,0.17814006331315624,1508.3459832749347,NORMAL
7.523409777448288,89.97216406376604,0.38173447459820953,1487.2076059546746,MOTOR_OVERHEAT
4.90421101554679,40.346104800830915,1.0604034559644766,1528.693938304347,NORMAL
10.647984776116608,52.951239081432114,1.1321664629395993,1368.921853950543,MOTOR_OVERLOAD
4.753915695789794,45.720580398318326,4.278857019296847,1513.9642231188993,BEARING_FAULT
5.331735630681949,75.15695716929044,1.301648361953611,1357.2353817459139,MOTOR_OVERHEAT
9.746929566727944,46.07274502239193,1.307860038054628,1498.0605158978897,MOTOR_OVERLOAD
4.963823125380844,49.61607312262383,4.264598199699575,1409.2689342241629,BEARING_FAULT
12.09958038950657,55.34484120676701,1.4422773528454844,1387.1503087903384,MOTOR_OVERLOAD
10.92026526789536,48.95511280132735,0.9382187094815819,1342.4451554786483,MOTOR_OVERLOAD
3.776027823599916,51.41879502176235,4.8702141855009735,1246.8129036292003,BEARING_FAULT
13.584244825053588,68.04659009437177,1.3187904785197992,1368.5361642382284,MOTOR_OVERLOAD
13.243560081770042,61.547517652289635,0.9971881736598134,1243.6582890596333,MOTOR_OVERLOAD
6.694136265947505,93.55884037799625,1.1526554802018123,1571.2073690110797,MOTOR_OVERHEAT
5.877981734731737,52.08536496907073,1.6619575921421206,1498.292676150901,NORMAL
6.296942832931338,81.67943229915451,1.723425406484374,1443.3044897917348,MOTOR_OVERHEAT
7.617236662288935,66.60410970843714,1.2060282287006912,1372.0724669328065,MOTOR_OVERLOAD
5.139726812082301,46.86471064878924,0.3440674063748298,1391.8472927970663,NORMAL
4.929433486744927,51.235264991196345,1.577348811103772,1509.2403990902205,NORMAL
10.091825768192052,61.50896582235768,1.5806261887761874,1419.1726957247167,MOTOR_OVERLOAD
5.224631871023758,41.85609356827458,0.6035907785064192,1467.7632888552923,NORMAL
7.160772206415934,83.11995457571224,1.1724745060696702,1433.6705146654658,MOTOR_OVERHEAT
6.447631396411504,47.010389638619046,5.876810907289633,1529.7832178802698,BEARING_FAULT
6.763746982340661,76.05113041972264,0.7492928805847395,1563.0463507903555,MOTOR_OVERHEAT
5.599894548146176,38.06716358716407,0.8943204895150693,1508.6203187720703,NORMAL
5.073296555000523,80.72102224053127,1.2501795595278262,1467.313744283314,MOTOR_OVERHEAT
3.7620570339171544,54.239377688360314,0.7090598814654779,1490.7053104249292,NORMAL
7.81093834988644,83.89041326603468,1.2663123678477837,1461.0706910848783,MOTOR_OVERHEAT
6.258169405273494,53.978053313614105,5.244554831575074,1391.3287287013172,BEARING_FAULT
5.420998188853741,35.897054385112995,1.2119597538693483,1526.7279137423052,NORMAL
6.321707978010875,85.09235559187009,1.0665994295285885,1458.8807132495767,MOTOR_OVERHEAT
4.36824056383254,48.35676192055248,5.664706160219643,1515.8672039029293,BEARING_FAULT
5.527638784917697,40.06074765235409,0.6206374024156258,1594.3908773731844,NORMAL
4.06399750983732,48.27249388668824,3.6520028651437335,1695.6621188807158,BEARING_FAULT
7.042054650548697,75.75634604641351,1.4884232664729287,1511.188225213338,MOTOR_OVERHEAT
8.578278118864416,56.95042070797696,1.4598522744640288,1495.333714849971,MOTOR_OVERLOAD
5.234758795959941,43.79694166061306,0.8451107209415474,1528.8880683586583,NORMAL
4.5857084217677055,50.50104018658036,3.9613254397400026,1372.7931966125172,BEARING_FAULT
6.381435847028566,93.863461446662,1.1125901423563334,1471.8007669534513,MOTOR_OVERHEAT
3.987599339625182,42.37578025343613,1.02837775988731,1573.048373876272,NORMAL
4.444054435156685,36.61019616955943,1.3205386201732894,1514.7882370255652,NORMAL
6.028421040350818,83.67363908309738,0.9372206043477828,1423.9505882654805,MOTOR_OVERHEAT
7.504217968987892,83.31504367931092,1.4981784163594556,1500.1779528405436,MOTOR_OVERHEAT
4.299515906543013,48.07888574976511,5.299726470182527,1614.276616961558,BEARING_FAULT
6.629966292115997,75.1204278214656,0.6998716415688413,1549.4605096168436,MOTOR_OVERHEAT
7.876638134555188,58.308387125902556,0.8732883049770401,1357.9035488964691,MOTOR_OVERLOAD
5.957696121265043,56.44345433696958,2.7350234245868164,1244.5475796344813,BEARING_FAULT
5.494984821126512,46.18426908640249,3.3377580923375927,1562.7374783718,BEARING_FAULT
13.597143126548515,56.535263369484284,1.346219809265786,1471.853743240583,MOTOR_OVERLOAD
5.647175413307064,61.109961445922636,5.837966442727855,1589.1586929998707,BEARING_FAULT
11.129766186180943,48.10560201184481,1.492469635469815,1396.1142808960583,MOTOR_OVERLOAD
10.068482367788938,58.04430984478196,1.728652735955629,1402.688822952926,MOTOR_OVERLOAD
5.400995610864798,42.14049375240996,1.0032948677747204,1517.8584408498075,NORMAL
10.034378862100624,57.87192148557664,1.9594298891895467,1401.072148657443,MOTOR_OVERLOAD
6.168819605947851,77.08640202446372,1.6838564261563271,1509.1627040960693,MOTOR_OVERHEAT
7.9716733006708775,90.43778507054522,1.1820316991121214,1462.3029882956375,MOTOR_OVERHEAT
10.64075204661988,55.174756721705435,1.958133067279185,1379.7390712272952,MOTOR_OVERLOAD
5.822903338238324,51.98838982522858,4.4882270138334786,1567.4088500318753,BEARING_FAULT
3.965921955556749,45.22564626867828,0.6490971996926743,1470.9202251037061,NORMAL
10.031605096313491,59.02744494760343,2.0993863498983725,1448.5833779989155,MOTOR_OVERLOAD
7.040130966958223,81.89887115282075,1.146343699631637,1403.5882404736906,MOTOR_OVERHEAT
7.779688015671167,81.7331801659146,1.8178746547727678,1483.6382138554168,MOTOR_OVERHEAT
5.8121515337416385,45.11208874810351,0.301870060916407,1549.1357747333755,NORMAL
5.071535516676435,37.313981877805446,0.6181142713780803,1455.9351268170294,NORMAL
7.014025204961403,88.10313668879205,1.3987612039390644,1459.1387898906712,MOTOR_OVERHEAT
4.314837064314558,39.171448348321775,1.0635141352511792,1491.0871129697116,NORMAL
4.872792193449572,97.34352572411031,0.633201689797824,1565.9525966196297,MOTOR_OVERHEAT
8.073179028873298,83.4485206940434,0.8786182881581024,1609.251894001416,MOTOR_OVERHEAT
11.397976520116975,56.38584501264008,0.8072211111663194,1308.9419640199799,MOTOR_OVERLOAD
4.559515993351458,57.68852800398571,4.49927286027017,1267.0370870439165,BEARING_FAULT
9.8746713946368,55.13033717195083,1.3996682005152719,1430.1123657189783,MOTOR_OVERLOAD
7.326123543652764,89.59818457868275,0.8037567998746673,1479.0757637769589,MOTOR_OVERHEAT
11.810914254420613,52.38560080489389,1.358066712158805,1443.0023862555156,MOTOR_OVERLOAD
7.476982730678632,91.94987215087406,0.8642188447653387,1527.2601585768577,MOTOR_OVERHEAT
5.927524200865423,65.93791980987459,1.5381518108495378,1461.9564620689748,MOTOR_OVERHEAT
9.819497024791186,61.13727800150563,0.9356371143200174,1571.4198831958997,MOTOR_OVERLOAD
5.603944903196,41.43978303125127,3.5450906220642002,1343.7862674488147,BEARING_FAULT
10.73284479977055,60.62510628020269,1.3836809969946564,1406.058268645473,MOTOR_OVERLOAD
6.323056118778662,83.73905758917704,1.5570256957504536,1544.4474106140462,MOTOR_OVERHEAT
4.711255325680753,36.56924244954239,0.5377796511207755,1538.3522662404384,NORMAL
12.171021634888666,67.68064576135215,0.8823111937695366,1294.3892280018001,MOTOR_OVERLOAD
6.153007691669753,46.86072893579642,4.125928784453866,1451.7741578702464,BEARING_FAULT
10.059018611124682,59.94926574644096,2.0254944281258878,1472.516649664989,MOTOR_OVERLOAD
5.4818403760502195,46.7207545558072,5.0703874474545465,1279.6057113836414,BEARING_FAULT
7.677461752935333,76.35385219477165,1.5549311936484176,1619.5547030029188,MOTOR_OVERHEAT
5.830285214398045,50.723939438021205,5.169541297671524,1336.4611224405378,BEARING_FAULT
7.10081054902977,81.19128472870192,1.0649759290277323,1298.4565058870448,MOTOR_OVERHEAT
4.73609231095401,48.31720892435322,5.137191933821483,1198.0916277938486,BEARING_FAULT
10.752098044966345,63.42280077640861,1.6507323584256213,1445.7159380413075,MOTOR_OVERLOAD
10.742211801519504,63.38316650819837,1.2854615505332383,1289.3812084457377,MOTOR_OVERLOAD
7.061032797019409,73.44434916093492,1.1094229576443517,1424.8551663013689,MOTOR_OVERHEAT
4.230419209843687,47.128517495525756,0.7963062056944054,1534.4703397681346,NORMAL
9.578470496541236,46.4107833617598,0.9320079555705214,1325.0393257123396,MOTOR_OVERLOAD
6.2943333281615415,44.936688753103,4.188579771404325,1775.0271183255873,BEARING_FAULT
5.870372799636904,51.03345350239873,2.297661843076665,1449.472731271476,BEARING_FAULT
5.245949252219089,56.55184449786529,5.618394472006185,1485.198709845239,BEARING_FAULT
5.450425173465044,82.29881131146968,0.8480125539979024,1397.2840967386792,MOTOR_OVERHEAT
5.06098056755237,53.74563294653312,6.137139544442706,1561.102155099303,BEARING_FAULT
10.489240857452241,57.67391160919557,1.3119002978635448,1380.6689906270103,MOTOR_OVERLOAD
5.476662125600973,54.9508060005266,3.5208838304895242,1287.5255420596457,BEARING_FAULT
4.173988311466215,43.94770630217459,1.7013535357516494,1473.2127428771119,NORMAL
7.733790407813569,87.44091398613047,1.5644931527044252,1551.9614083169029,MOTOR_OVERHEAT
5.095123814646029,56.23684344491801,1.0161257688971506,1430.9858295196918,NORMAL
6.715104234421464,78.41825079779846,0.7867234885129979,1489.9612630537981,MOTOR_OVERHEAT
4.446268134862839,49.50941904656969,0.824386449408087,1495.9688833621606,NORMAL
10.9569825684878,57.84142027155581,2.004360954451043,1361.341543362763,MOTOR_OVERLOAD
10.698215354757874,64.43805571576993,2.054936378502379,1499.6154123014985,MOTOR_OVERLOAD
4.083411176818846,41.520387465598525,4.3900397376517155,1546.5104564018995,BEARING_FAULT
5.753656361975077,46.029380296270446,5.081344116545934,1213.9878019884168,BEARING_FAULT
5.489842557904382,55.39784392450121,5.950699142725884,1481.391505116869,BEARING_FAULT
9.295545705661205,57.60621590868048,1.1198245448696587,1289.580588535107,MOTOR_OVERLOAD
12.817623360794235,56.3508753758171,1.3045698061445252,1340.6186690273885,MOTOR_OVERLOAD
15.535672178933588,59.52038750332721,1.690785660171485,1377.807713219507,MOTOR_OVERLOAD
7.509542153869402,85.86263261106082,1.0005663514870202,1556.60528889478,MOTOR_OVERHEAT
4.00363428075017,45.9494220172908,5.801231947592342,1435.1171854279685,BEARING_FAULT
5.316287804961728,47.35620950741999,4.2898498343175335,1418.3380279480705,BEARING_FAULT
7.013747013574584,50.85994374963103,5.494851678026265,1263.5610964887642,BEARING_FAULT
6.396591860207651,46.45813795613305,0.26822510842821534,1475.6700821120353,NORMAL
10.230507876204884,62.29978639883893,1.3211405239475795,1309.7251490956223,MOTOR_OVERLOAD
4.391769580135761,46.08038173678915,0.9899189680131574,1484.1006666028227,NORMAL
5.844768881061658,90.56393743440746,1.8560212294580496,1498.3318605253849,MOTOR_OVERHEAT
4.1218729048752785,56.2595260591798,6.4832138594621185,1312.7310526334688,BEARING_FAULT
6.48724394951875,73.80047620328816,1.7887921370543383,1465.966708473762,MOTOR_OVERHEAT
10.826490736280824,57.472245694112935,1.5879311923725499,1356.625178527253,MOTOR_OVERLOAD
9.940436746826311,53.7532128209877,1.1067365778810774,1371.1889549138389,MOTOR_OVERLOAD
5.336903486691046,50.87026120021022,3.872505197965668,1071.1889079216426,BEARING_FAULT
9.864635190852402,41.32798215000369,1.443930266514756,1416.0455310853479,MOTOR_OVERLOAD
4.898010486793678,85.59674139951605,1.9126063742599033,1530.248608774349,MOTOR_OVERHEAT
4.7079671441161715,80.26234188740914,1.2960871929888675,1442.603151544319,MOTOR_OVERHEAT
6.226614151991972,50.006481032655536,6.337548213499912,1579.6778799510896,BEARING_FAULT
10.878339265175958,58.72744326806226,1.5489034993080826,1384.2697303800783,MOTOR_OVERLOAD
5.469410205450597,41.957964607714544,1.1258394678559744,1435.7497272681846,NORMAL
11.886323110237456,60.83609855343168,1.0639558191370249,1509.8604113312379,MOTOR_OVERLOAD
5.105928034169137,46.04624108971754,5.144731214347383,1496.86644131171,BEARING_FAULT
6.0918912383221375,91.2443842563888,1.3202607918258984,1415.4841539123483,MOTOR_OVERHEAT
7.02506410998394,81.4740923202033,1.2564920456695161,1436.3607512392866,MOTOR_OVERHEAT
11.227275457621968,56.17639194087914,0.6415065244120078,1351.5488198673333,MOTOR_OVERLOAD
10.603371930912944,61.979292641538976,1.0756283996483846,1459.6502885538737,MOTOR_OVERLOAD
4.857095753615201,48.99734532989795,0.28681285248100574,1504.2979481078926,NORMAL
5.113482740031109,42.27962617010413,3.79956878701296,1218.397998231248,BEARING_FAULT
8.141930175853698,81.04962616653289,1.2327812966756988,1480.1478856659824,MOTOR_OVERHEAT
4.7451357633241456,48.492226400370974,0.4270711282761158,1554.0068020504805,NORMAL
5.06153191023576,49.28521815571846,0.5780498118963302,1526.5010451912513,NORMAL
5.086486790242306,84.09328729843826,1.0151613126140249,1457.8169784858387,MOTOR_OVERHEAT
7.444951525169213,88.6761010302119,1.0977662729424913,1565.4291308166646,MOTOR_OVERHEAT
6.198038535015072,44.64481420915,1.0957284502070723,1521.4973541690936,NORMAL
10.922985712482546,58.82652215366278,1.1331647091432195,1409.4268860414104,MOTOR_OVERLOAD
12.925767690243951,55.65281498007603,1.1402835753000375,1492.1775197322136,MOTOR_OVERLOAD
11.65650995028966,61.72718535671741,0.8407466820782161,1436.246405975021,MOTOR_OVERLOAD
4.293017826131081,49.761654253174974,0.9188809173713675,1530.9556472363947,NORMAL
4.3377555813307955,43.457480073907355,0.7519572683820779,1528.7637218435334,NORMAL
7.176121935300075,84.27646751676724,1.1771426437420818,1463.043708911338,MOTOR_OVERHEAT
6.544195626728055,43.644266128217204,4.101774706711009,1254.0136200138152,BEARING_FAULT
4.2533169274393545,48.23648524396098,1.4305018533966805,1523.24795247977,NORMAL
5.430116086418742,80.63876273557601,0.7797287969269264,1446.1761668092443,MOTOR_OVERHEAT
4.643510026581923,40.39100463489293,1.273371413370684,1564.6392969664819,NORMAL
4.435326742445025,46.23756628062778,1.1626585857172769,1492.5296746078259,NORMAL
5.054293868976725,41.3964120187817,0.6701024962466976,1510.2032817547104,NORMAL
4.102016786058004,52.69178477626631,1.0538940042340161,1536.4491202076258,NORMAL
4.708515955910301,54.30393234924616,2.8752069168067047,1356.4116563825637,BEARING_FAULT
3.6345502503708733,51.50113827622001,2.417354983969449,1314.492718724437,BEARING_FAULT
11.56694393905111,64.11286745924046,1.9153861256114095,1460.2227549891497,MOTOR_OVERLOAD
7.883962566168559,86.26609158490957,0.9863734289735192,1544.9647495173651,MOTOR_OVERHEAT
4.498169408882553,59.525746360244085,5.647976867814256,1366.3872379025593,BEARING_FAULT
5.9370217892511805,50.490754272779405,3.717099690724358,1158.5534047707279,BEARING_FAULT
10.136362213342677,61.74515868530413,1.1498419732319076,1348.5209832733497,MOTOR_OVERLOAD
3.78699784941505,50.5679249120904,3.551991244275536,1608.5458397771404,BEARING_FAULT
7.591205090586163,83.63498309156736,1.3263852657584363,1447.2665085655092,MOTOR_OVERHEAT
6.907312207620521,45.13078090101308,0.8296833570241895,1496.2405826886152,NORMAL
5.876866575345321,48.00048724854778,1.0110416497290864,1452.7762264098603,NORMAL
12.479261071836069,52.14858212948419,1.331184558984016,1409.6128746703234,MOTOR_OVERLOAD
7.809060948279402,86.4805700940273,1.1557785461053596,1474.4982890630306,MOTOR_OVERHEAT
5.2015047541598145,41.99135652772992,1.4800141843958823,1552.3166249511935,NORMAL
5.034494343821098,86.2970406248414,1.3462856867649675,1481.594056681453,MOTOR_OVERHEAT
6.746180282325435,93.0015291195396,1.3908456079205254,1467.6176543002582,MOTOR_OVERHEAT
9.449993756016456,69.50898636777262,1.0382905256062673,1375.755505170745,MOTOR_OVERLOAD
5.013111287314065,43.55491829998622,1.0322602540160903,1493.8707615896715,NORMAL
4.914798071355487,45.2138316504699,0.9530735562570104,1440.9076898273067,NORMAL
9.21871013601924,59.06338087160867,1.2582355835457308,1485.0117891225443,MOTOR_OVERLOAD
5.564338829834728,47.53564151093497,1.0755563245885016,1438.0866866904034,NORMAL
5.085455441642339,41.34848805312469,1.01694900759797,1550.7049424321563,NORMAL
10.086723637781963,59.43145666030283,1.4955640047031218,1377.3570255303214,MOTOR_OVERLOAD
6.16233869745771,39.55896653484269,1.3967512994569367,1424.1605920341574,NORMAL
4.218692295882609,46.36083990747335,1.3368034763691217,1481.499144642287,NORMAL
11.323015689933124,77.44755446186072,0.958764001105937,1295.0048918239581,MOTOR_OVERLOAD
3.8715209432155655,39.135256070121834,1.2736457187930337,1515.8069257126194,NORMAL
6.325280469893861,84.42051130211632,0.9219588109098282,1413.9275597741844,MOTOR_OVERHEAT
4.488053989664708,47.23816148246466,1.6557591299252876,1524.6234115144516,NORMAL
10.057388331954701,56.69059933271696,1.4996090402870976,1379.7447563684475,MOTOR_OVERLOAD
5.74705420156676,80.36145314958155,0.5810278470543317,1551.681547903422,MOTOR_OVERHEAT
3.945362965186021,51.73434483815209,0.5818982546901486,1510.3816706228615,NORMAL
5.589403757953168,48.707997722659385,4.2868143245764605,1543.1073596079607,BEARING_FAULT
9.002532859913774,57.680555208165536,1.4146374189175708,1392.7942243353116,MOTOR_OVERLOAD
4.486032606529188,41.950744083340304,5.944691114467957,1335.3627784022428,BEARING_FAULT
5.352737695402146,40.959042108367235,5.838438602270941,1397.33113932624,BEARING_FAULT
5.929010090736952,42.98717588090888,3.7290846128864783,1623.0709195372851,BEARING_FAULT
6.712366527987945,85.03843285275448,1.4850763375080247,1409.2061581142348,MOTOR_OVERHEAT
6.580925233252162,73.10366417249489,1.0356517211596683,1528.877710816979,MOTOR_OVERHEAT
10.645729546651024,60.73121634782285,1.6677651166960399,1363.2097747410382,MOTOR_OVERLOAD
11.284460748533583,50.43325761191719,0.762277150589748,1459.7341043127144,MOTOR_OVERLOAD
4.955854102771726,55.078600934896215,4.10899200374832,1189.2802833423577,BEARING_FAULT
4.214433081156354,37.19546591034097,4.01330035088262,1499.7139268300052,BEARING_FAULT
5.966583042083498,82.65450216026228,1.1766469013560084,1457.977893644167,MOTOR_OVERHEAT
5.84118592338423,40.15005728051192,4.130773481473245,1451.4262136372977,BEARING_FAULT
4.773005341851022,49.3944202645531,4.909829275393017,1404.1780385143593,BEARING_FAULT
12.240878976710754,55.02504847712783,0.8147864776605409,1370.5840303002938,MOTOR_OVERLOAD
5.2863368879213395,43.81332427460002,4.521968007517655,1313.2481068979696,BEARING_FAULT
7.373574202486364,105.71363413450169,0.9010181486589126,1415.3423105740253,MOTOR_OVERHEAT
10.069702318169126,58.02223210478485,0.5531759276420141,1389.4971249901428,MOTOR_OVERLOAD
15.286209613197059,61.39845206438485,1.1448757258502908,1323.7539707816018,MOTOR_OVERLOAD
11.00040515613227,68.8235828995172,2.1390042456178273,1364.8920528042706,MOTOR_OVERLOAD
7.053540504971095,91.78325115547558,0.7808845908293671,1494.9322646059875,MOTOR_OVERHEAT
11.408500101692493,60.22592934963732,1.5599511893970268,1368.3305284333783,MOTOR_OVERLOAD
5.7367130249513965,57.930277660482005,2.5565962882457445,1645.2989027111682,BEARING_FAULT
6.797824442486603,86.1806736634329,1.6040357648755488,1463.9894036741036,MOTOR_OVERHEAT
5.916196577743881,81.03321370213897,0.9030878636582312,1430.5113022281607,MOTOR_OVERHEAT
7.880631100349474,83.61628282122669,0.7674907091507619,1526.6021340225866,MOTOR_OVERHEAT
5.16134806860716,48.047419096169854,1.4612072655693407,1464.6629937564946,NORMAL
5.455205606641544,47.58168218931051,3.422330546231377,1641.574500603218,BEARING_FAULT
9.545272905107263,54.732575608630526,1.282743862372223,1252.1703904155665,MOTOR_OVERLOAD
5.260654186127514,50.949593158743454,1.1171364796161647,1509.4047977260666,NORMAL
6.192927941147492,92.72565409528335,1.680355113197488,1566.6219581768594,MOTOR_OVERHEAT
5.5481889383480105,50.625280955559454,5.784292472444546,1594.203724346999,BEARING_FAULT
11.755475431286081,71.39071687295436,2.1332843836236135,1543.2578190944937,MOTOR_OVERLOAD
5.779181245335248,45.54562929906802,3.9378555170971286,1633.0431286876474,BEARING_FAULT
5.189363002154204,40.26348667240691,0.6139277678390876,1456.988464791145,NORMAL
4.790764956650937,40.71214979083912,1.2893652046718,1510.2596791377416,NORMAL
5.9445906412795235,52.74840409775509,5.7263624265385165,1575.1651231671544,BEARING_FAULT
5.117978450378878,88.44404321651845,1.325598037733339,1461.352631021668,MOTOR_OVERHEAT
7.061638872141035,75.89240895075883,1.0555439891933578,1410.9214300355582,MOTOR_OVERHEAT
4.676737209429354,47.99689170880342,0.7403971503694498,1537.5009168699903,NORMAL
5.318244877795378,86.50038752759217,1.3230614661593447,1492.308802534505,MOTOR_OVERHEAT
5.214122635489706,43.919379482651614,1.0579544739439595,1522.264666627102,NORMAL
5.538306001246403,89.45868754160871,0.7994247838989013,1400.8949034216917,MOTOR_OVERHEAT
9.81419832541562,62.71115384037772,1.3877759834479726,1408.1672499910464,MOTOR_OVERLOAD
6.132612405251689,43.8282721475127,2.9633441068951543,1391.7651561276195,BEARING_FAULT
11.222268316807122,55.63001637221095,1.5241831099835221,1538.3770232599388,MOTOR_OVERLOAD
7.010238595964336,56.51913386928171,6.446168313970579,1336.5501368959542,BEARING_FAULT
5.6503380751321215,48.5354680714226,2.804071698522595,1678.9181213162035,BEARING_FAULT
5.631388409557716,81.98866999921661,0.32117489723350134,1295.0316914230712,MOTOR_OVERHEAT
4.965930083364385,48.11043812111414,0.9699106997669775,1534.9736971378554,NORMAL
11.218239570552965,54.71104525093778,1.4692143898921604,1450.6560347767447,MOTOR_OVERLOAD
6.327543508981631,52.28834488975176,5.4658396182492845,1266.0800153434898,BEARING_FAULT
5.302153195513957,49.17243135515082,3.2755118926934266,1331.3905128275185,BEARING_FAULT
5.647721766104689,48.87373903741708,5.569106052662835,1274.3232165655402,BEARING_FAULT
3.8331542763151676,51.37231769404272,5.150511533214662,1629.5972101430834,BEARING_FAULT
4.943343561869951,47.49347835824856,6.120982400450292,1346.844883962126,BEARING_FAULT
10.64446419044035,73.23089937656772,0.8328992329606322,1392.637296608428,MOTOR_OVERLOAD
7.289516077354813,77.73619318630512,1.012516455068777,1379.1059318581936,MOTOR_OVERHEAT
6.604307787248953,51.21857931853906,5.7047239271656425,1344.1321621433917,BEARING_FAULT
5.818057227251419,43.73085309899024,0.694071944385561,1508.8550101590492,NORMAL
10.91182602262885,48.910633556734396,0.985485551339007,1223.8425123088641,MOTOR_OVERLOAD
10.034263979041246,57.275388539955955,1.3356049014716092,1503.2713162111527,MOTOR_OVERLOAD
9.163544884936607,64.97119816518129,1.4386722994974837,1385.5639978298268,MOTOR_OVERLOAD
4.333337059449465,43.172760077045346,1.2257151198138034,1512.9487558231626,NORMAL
9.717522828637428,51.6390766144104,0.5657205238291589,1506.883887780696,MOTOR_OVERLOAD
7.908030729905615,73.55368303028676,0.8171656226584267,1387.3751487732222,MOTOR_OVERHEAT
7.622424409299822,75.73016710122502,1.1184236943083408,1592.958941359163,MOTOR_OVERHEAT
6.590926008478477,83.4764706133501,1.3201171306141226,1484.2717371243698,MOTOR_OVERHEAT
4.924994581808253,43.48125389942975,1.7595714033226533,1519.4275583676206,NORMAL
4.97704123600553,87.86479724029003,0.7306670168474665,1503.536819774746,MOTOR_OVERHEAT
5.219266438618447,45.14423970719118,0.21943350548449336,1445.6694642056484,NORMAL
5.111195389649229,35.95834097064859,1.1752507220056871,1522.0173404373913,NORMAL
4.73447857286469,49.31551615611895,1.2047177529438378,1562.7282578825532,NORMAL
5.876707320032198,45.39041596998176,0.8887868846580685,1555.4797091963535,NORMAL
4.616673291053995,50.88805826596053,1.174932440697323,1454.4669309215624,NORMAL
5.347736685485886,45.03312763983171,1.1992876906166907,1509.493524151754,NORMAL
5.518296808218913,47.457081753428255,0.17119734829787714,1537.5768168719273,NORMAL
6.934787626214659,82.94394572092489,1.3223079281494492,1471.7094476554917,MOTOR_OVERHEAT
6.086951785122428,49.12161050339317,4.705787008115433,1262.4383274241056,BEARING_FAULT
12.149275950275426,58.739856426654754,1.5974428000398735,1572.9553424950802,MOTOR_OVERLOAD
5.964261956756014,50.818214236890434,2.534527839886662,1590.8338913085518,BEARING_FAULT
5.282681776039958,45.76968447107272,0.834392581296527,1497.4451765950203,NORMAL
6.615812682922093,81.75782256832531,1.2069887707876066,1586.4811204952473,MOTOR_OVERHEAT
13.112673266369534,48.84485810360397,1.5253595350650988,1324.1858397726098,MOTOR_OVERLOAD
6.96294900974372,82.79135999127296,2.0389908500861327,1439.2285702103038,MOTOR_OVERHEAT
11.091522283121307,64.11704236120795,1.23668033062011,1479.7907666965093,MOTOR_OVERLOAD
4.597315833562051,46.87421111402481,1.8302307676096778,1490.1270481795366,NORMAL
5.134157329264809,47.17037785316784,1.1493768802808135,1520.9137504299613,NORMAL
6.0335446453539,78.71816399991215,1.3511163527475998,1460.7063660021272,MOTOR_OVERHEAT
4.429986767053651,39.57674411549378,1.42026455809389,1530.3341213057627,NORMAL
6.998658409621002,78.26341703623156,1.3324754638498777,1450.5686498144396,MOTOR_OVERHEAT
10.235034235498615,53.88681032288169,0.7203034077394735,1426.9235379420784,MOTOR_OVERLOAD
5.493758350328772,84.69310158282528,1.6492595205378473,1541.5004691339748,MOTOR_OVERHEAT
6.75269648877761,85.29206529289407,1.3983933006962443,1495.8915705433674,MOTOR_OVERHEAT
13.130041876680657,47.90916546023392,1.6813214206571125,1383.1230176503454,MOTOR_OVERLOAD
5.607189841486373,52.86270530559201,5.611975108974004,1293.076655727223,BEARING_FAULT
6.427142944573055,84.97719174735708,1.0656122409220983,1465.3702449687057,MOTOR_OVERHEAT
5.4637590274168755,83.23476615213058,1.1178836865176858,1544.442225279257,MOTOR_OVERHEAT
7.977928278599878,63.55826048699948,1.4390037239732338,1295.0399988337767,MOTOR_OVERLOAD
8.855752642454798,64.8909717914821,1.5399307101842605,1398.9421139321153,MOTOR_OVERLOAD
11.25640755669245,67.63719496009894,1.0165954052724326,1293.6438548270073,MOTOR_OVERLOAD
10.50115522778246,58.726227637981445,2.258950635839081,1334.38444427353,MOTOR_OVERLOAD
4.994564261658326,53.566616662024835,5.029411690897354,1239.3366751408928,BEARING_FAULT
5.459459233946994,56.900463474398116,5.115889789521757,1318.962852950623,BEARING_FAULT
4.885193607982964,44.24646349094247,0.45985639247974586,1436.5758650159898,NORMAL
6.90325137059888,76.11556800046165,1.0803098359239507,1464.6494525710266,MOTOR_OVERHEAT
6.338959719203913,89.3424595564198,1.4513896439159295,1547.503209381257,MOTOR_OVERHEAT
8.294563028382054,74.05913403852642,1.1177117980571483,1545.1313961271883,MOTOR_OVERHEAT
10.716883680483159,64.03834286571849,1.7968554474510323,1386.6721353880305,MOTOR_OVERLOAD
6.798409601630956,77.43385575164014,1.4703435517685397,1506.3153655323783,MOTOR_OVERHEAT
4.42527993449212,50.65029777359918,6.562066754734643,1424.2451452991925,BEARING_FAULT
4.623447478137848,39.31294540262171,1.061412005806159,1558.3268322991644,NORMAL
10.51963888654785,53.667266378628455,0.9923479129024582,1386.747534990068,MOTOR_OVERLOAD
7.161999865529829,53.43505479056191,3.8743659339820686,1631.7072358489863,BEARING_FAULT
5.1718123987682825,51.0306152039188,4.068300938174879,1231.9731282213256,BEARING_FAULT
3.990278137030517,44.38525958255193,0.5658986270754953,1547.1380340127332,NORMAL
4.740809729445339,49.24007867602602,1.9492820105632247,1495.2449099444016,BEARING_FAULT
5.163421853164544,38.607790498893145,1.4307934374405327,1521.0679216841831,NORMAL
4.746021012773507,48.17972901166251,1.0395621439363456,1537.4950786767859,NORMAL
4.030604996407593,45.89586971349379,0.8801353175234714,1500.382091450274,NORMAL
13.389092684029354,69.84934651214415,0.8877937990449583,1289.231124157255,MOTOR_OVERLOAD
5.2880860420349665,49.774474287425505,1.3705742164930816,1569.7448746916625,NORMAL
11.232188366785758,60.8347060861318,1.2814585189676937,1288.3120642954495,MOTOR_OVERLOAD
5.39943243222502,47.86040851045284,5.65250177533275,1463.0082060297295,BEARING_FAULT
4.911482791855788,43.984149287808876,1.4714007448247104,1506.624486009306,NORMAL
4.078614758044329,40.69705616541907,1.2425643248806055,1512.8418403665935,NORMAL
9.997594992042053,51.03213877166442,1.1248818006512535,1341.328453225756,MOTOR_OVERLOAD
11.643121681180318,52.20288776756537,1.5784829847344337,1353.2211138212433,MOTOR_OVERLOAD
3.0857676366275157,49.45949955740055,3.046679291688082,1449.176610958762,BEARING_FAULT
7.769325318037833,98.73016276634553,1.5828808737542288,1464.3109232057545,MOTOR_OVERHEAT
5.749799160226266,40.29519873342627,0.7916604274223942,1482.2351418253793,NORMAL
6.535370614347443,80.62934850798622,1.1598856743498869,1612.6721544553734,MOTOR_OVERHEAT
4.4927739674774205,56.1205544595978,5.154828411745216,1148.9157793314162,BEARING_FAULT
4.600694175626783,47.79426538148602,1.574933463020623,1464.4078404260636,NORMAL
6.397752907114313,81.44676787647074,0.9293819398264321,1529.2332964162804,MOTOR_OVERHEAT
3.7698967393813865,42.39774551837763,1.3242568614852614,1517.158615645088,NORMAL
12.330239493198805,55.681162763698545,0.8985242385467569,1349.5382635847022,MOTOR_OVERLOAD
7.747166917369234,95.1865987747462,0.8838345028854449,1534.879143044436,MOTOR_OVERHEAT
6.29717203634,84.79498533608553,1.401765948940807,1429.1501682573899,MOTOR_OVERHEAT
5.514785528754293,50.780503827706134,1.1592081814074198,1583.068453034361,NORMAL
10.333535821706475,64.66337644175661,1.6039027892072573,1456.9785044905636,MOTOR_OVERLOAD
5.3366088959047735,81.85233422547455,0.8765092062141735,1521.7214020586673,MOTOR_OVERHEAT
5.471248318430961,50.77131473570855,6.176437649855219,1386.4558752111777,BEARING_FAULT
6.402540874486556,85.84497247924574,1.2277717594181017,1486.3094730713563,MOTOR_OVERHEAT
5.502875940736629,45.14891134568631,1.2538912186923188,1542.6274069888018,NORMAL
6.131949386170712,82.31440839863131,1.1784864060840996,1480.1509189875455,MOTOR_OVERHEAT
5.597420831539954,43.690778278979906,1.168098753469677,1433.6161264669438,NORMAL
6.7322465927238575,73.3258732309191,1.0250751305647385,1461.011737441007,MOTOR_OVERHEAT
7.360089514266075,89.166106044918,1.6315710961879701,1508.0607026384264,MOTOR_OVERHEAT
5.383775845698741,40.87713187227064,1.2250444789697001,1515.8812640917592,NORMAL
4.5042623201816285,48.359690420531194,1.1223185108854117,1514.0801181575052,NORMAL
11.00777967298853,63.300473044543544,1.2339203363478253,1407.560919469406,MOTOR_OVERLOAD
6.221086866197514,54.268563735638836,5.427220221638557,1156.0912293616075,BEARING_FAULT
4.458243693147784,41.55663328590572,1.3741634263427351,1513.6176177400619,NORMAL
6.743040301544244,44.31374195913461,0.9835886689452186,1534.8939471984706,NORMAL
9.212178033587188,60.393877808435406,1.3658750479278874,1599.5218253105525,MOTOR_OVERLOAD
7.649203137670543,85.50134719957478,1.516431135962802,1469.493776716261,MOTOR_OVERHEAT
5.640333449943189,54.30311916752674,0.8871687428321253,1483.1465090141721,NORMAL
6.694252153153772,84.70156623040496,1.1588932436546822,1502.2133311713499,MOTOR_OVERHEAT
7.499303699702206,84.59141528312139,1.5833948274152345,1459.7712257267674,MOTOR_OVERHEAT
10.328200382335309,55.42425177671477,1.7587407020600183,1292.5796840573992,MOTOR_OVERLOAD
7.602782247327573,90.22986266760843,0.8049955469339971,1454.2354154505679,MOTOR_OVERHEAT
6.378255542889087,89.17137732733626,0.9913263541637775,1434.543383026703,MOTOR_OVERHEAT
8.343192742412207,61.35278711285389,1.3958334576582088,1491.7395684359758,MOTOR_OVERLOAD
3.647776258488209,48.117380723274515,5.10211016808441,1418.2955513705333,BEARING_FAULT
6.925103134063431,86.1242349256561,0.3120263694890114,1499.6610212216765,MOTOR_OVERHEAT
4.734267723800678,46.91353024293901,3.7542011574932252,1356.7771877922842,BEARING_FAULT
6.892257077071148,85.67065257809129,0.9530817728393732,1425.4789935333788,MOTOR_OVERHEAT
5.556978194941091,45.9477944461838,0.9272142857799177,1448.8298411129892,NORMAL
5.967406999078558,80.4697501437035,0.9193535534860037,1461.554302545006,MOTOR_OVERHEAT
5.748769991035659,49.11512367898204,0.7108674438296834,1507.4421137460874,NORMAL
8.609985414083361,75.72952877066473,1.1286987767889647,1545.3798887342161,MOTOR_OVERHEAT
5.507049913205487,48.696534039387764,5.600605062277994,1299.7948362486131,BEARING_FAULT
6.164622548326533,88.65903873661289,1.116536396931389,1518.9831298843392,MOTOR_OVERHEAT
5.4082010066478166,59.62468404885113,2.919341832483896,1269.190601063329,BEARING_FAULT
5.600522779232355,51.73239716817615,4.7933515191215585,1286.3454492739768,BEARING_FAULT
5.172311722561432,79.22296876633867,1.4508565526968975,1360.2861023729965,MOTOR_OVERHEAT
9.893664703898084,61.41824728913618,0.07485275073027697,1280.2122601023787,MOTOR_OVERLOAD
5.444008541782601,42.479669958977325,0.8399441422951363,1512.1219313173087,NORMAL
6.496715345816682,45.91024962364096,5.144201696320711,1877.323769096848,BEARING_FAULT
5.165764507597133,46.34560375475949,1.3369283891324617,1438.0297129462303,NORMAL
4.607512135959322,41.82989667816834,0.6868167785594074,1521.8317503939982,NORMAL
5.425609187914109,53.51780241309311,4.555556711132807,1268.7667708025274,BEARING_FAULT
8.8418373091397,43.127460892594996,0.8648591850132299,1428.64019473553,MOTOR_OVERLOAD
5.2110538450395225,47.64832613832701,0.9357175172336605,1498.4428319806063,NORMAL
6.037397204531422,43.19446219614242,1.290317616033842,1482.4214594661244,NORMAL
7.577267903716688,88.28325120722262,0.8629801393869618,1465.3646345411232,MOTOR_OVERHEAT
4.3581485532261866,33.17752470261972,1.0829243092761263,1504.006785519739,NORMAL
4.209901873365055,46.80008269368733,1.1455594694433122,1422.6964391623756,NORMAL
4.297060022704795,38.76246705877757,1.3497016269651456,1507.4333831007566,NORMAL
4.797609377308969,78.27717387602203,1.5628784013750723,1454.2469528636777,MOTOR_OVERHEAT
12.566737841075852,64.74877579102743,1.1166889326730867,1398.8691792631498,MOTOR_OVERLOAD
6.977077590930211,72.45477529751291,1.2682500235086915,1505.7617505035967,MOTOR_OVERHEAT
5.510244214259178,83.10296650578124,1.123245013912258,1524.8145170630087,MOTOR_OVERHEAT
4.633811294380797,52.92935828438752,3.7885647248643926,1670.3490724348426,BEARING_FAULT
4.121773502836529,46.11756473997943,5.852863663120793,1530.8878870387123,BEARING_FAULT
4.723961598702383,54.21756172030075,4.814219945507453,1306.5299000794341,BEARING_FAULT
5.668755466746426,43.77373751485177,1.2306897614721237,1478.468036187334,NORMAL
9.77448702388688,63.54745213957112,1.882908345311424,1463.1076570521818,MOTOR_OVERLOAD
4.061913231278787,42.66527857277527,1.0344801734743039,1530.7659000786723,NORMAL
5.063798825065953,50.56929809075262,3.9160474354256984,1362.9058751100433,BEARING_FAULT
5.383570726109863,46.17458651820095,4.106478200654727,1461.2552893362263,BEARING_FAULT
7.60085797338129,87.93524495968116,0.9357489420550684,1546.589845734402,MOTOR_OVERHEAT
11.105884363126007,56.03265362421273,1.8429350335999226,1467.6787343805433,MOTOR_OVERLOAD
6.477901010132903,52.98169250297066,4.248612806445267,1663.819625987414,BEARING_FAULT
10.858818403148272,64.0979392152442,1.2732845284684757,1290.6229686958402,MOTOR_OVERLOAD
4.782167692060957,46.730377806904606,0.6538975250800718,1509.1784145783372,NORMAL
5.306582803360995,56.24627219045745,4.915689752242802,1595.778095587517,BEARING_FAULT
7.456127914775056,81.24039716267059,0.9160389346490989,1482.1265037823796,MOTOR_OVERHEAT
4.652846649414807,45.85719982429773,3.857097378499355,1509.7915845202617,BEARING_FAULT
11.57253580171942,61.34870207169792,1.8155329569243956,1428.0730375848082,MOTOR_OVERLOAD
6.327649527746422,83.08626846875022,1.5699688789902837,1410.4539048294057,MOTOR_OVERHEAT
9.749606175395154,65.12134806759448,1.676552780196138,1352.2209868538928,MOTOR_OVERLOAD
13.77929746240786,54.119446501122574,1.2549720372128037,1474.0886200358834,MOTOR_OVERLOAD
6.555239259288866,79.37854399005042,1.4385270950366924,1506.4645408102697,MOTOR_OVERHEAT
6.833602304674548,85.72292053546401,1.261696962504865,1485.0540223435635,MOTOR_OVERHEAT
4.7964449096695905,44.348804013469575,1.0109442266842694,1524.4296862318479,NORMAL
4.586976630661544,50.248101048879654,1.4307982053303143,1497.5963100897948,NORMAL
7.3881097997260285,42.6273093463642,3.463094431226181,1364.4709391322194,BEARING_FAULT
5.312700353439268,42.677394389017664,0.7402180348503142,1439.372323139461,NORMAL
4.039233237728688,37.99160570909211,1.2052113739352144,1497.060853536384,NORMAL
5.077182194876127,49.51269577015864,4.803261145413423,1368.7545781768317,BEARING_FAULT
5.7642699201548755,77.4214379311407,1.4660953479321983,1449.4962167579918,MOTOR_OVERHEAT
9.233315348448693,63.62799367032048,0.7655752979778377,1361.459628210833,MOTOR_OVERLOAD
6.099298537549265,48.555156485416475,3.7291015033299315,1512.9271432670057,BEARING_FAULT
4.724695704110419,44.434417991424795,1.386052678793651,1605.059396361476,NORMAL
6.293966620805193,51.92732672369381,3.4954092442412685,1322.9805607229666,BEARING_FAULT
6.3787851952763805,90.77867785165353,0.549940357695542,1532.4362952511603,MOTOR_OVERHEAT
11.046702279417467,63.09319921621042,1.754331939540052,1487.9014097890379,MOTOR_OVERLOAD
5.097651839063003,43.174115423101114,1.081858755407732,1598.8723630422187,NORMAL
5.545160815935267,43.80264836899311,1.410540818129539,1445.8476992181256,NORMAL
6.698052908869709,49.941647433354156,5.039111248831228,1585.327589193313,BEARING_FAULT
5.54559300133,44.22366278405137,3.5836828108464767,1400.7147256186568,BEARING_FAULT
10.29981621793472,60.982817442316566,1.1711909485447463,1490.5085721802654,MOTOR_OVERLOAD
4.34936715665998,48.13023530286064,0.761786937490344,1426.235181953299,NORMAL
5.941335772956467,85.06968910004197,1.3574178057787292,1552.1954933810073,MOTOR_OVERHEAT
5.505092040134037,38.57891501146973,1.4778736267368424,1476.6445224363113,NORMAL
12.137119980410137,46.65776651374745,1.4092376422526205,1315.0314312994315,MOTOR_OVERLOAD
5.619953756976201,44.847212980384256,3.9550486033945997,1333.4250116241544,BEARING_FAULT
5.718378595299406,38.08933913999638,3.625865505430358,1519.4601941613907,BEARING_FAULT
5.355402553508085,55.7745291412135,4.661740773391326,1432.5899381131474,BEARING_FAULT
5.833520991267071,47.427757475171475,4.973485069855393,1424.7993372926608,BEARING_FAULT
7.962517332619978,86.61856946506164,0.7404413683860123,1457.4106130417342,MOTOR_OVERHEAT
4.488173643455852,46.51537041383358,1.1877026714788461,1529.5852481994625,NORMAL
8.50869364028982,97.95758951554774,1.1393216006150242,1472.9844374932804,MOTOR_OVERHEAT
10.758155853228798,65.34777614559883,1.354503322501397,1388.5873509388564,MOTOR_OVERLOAD
12.8006305998653,57.792061891522124,1.853254055944848,1421.91907782984,MOTOR_OVERLOAD
4.86707833056152,49.0996867725016,1.0906774655456384,1494.3184156706825,NORMAL
5.466402545637046,42.48606107945284,0.6452648283380689,1513.6801382968408,NORMAL
7.388843778854429,74.23516583755999,1.3399564896567504,1521.153841590604,MOTOR_OVERHEAT
9.49589298177712,57.38371631995061,1.287043489287425,1466.5705729165693,MOTOR_OVERLOAD
4.15234046966458,41.336706090814246,0.9865014377070981,1479.5666176378793,NORMAL
12.201767558422594,60.9422115964113,1.121281037544452,1475.1924692676525,MOTOR_OVERLOAD
4.432986171198313,89.4548030479955,1.2158532375137787,1489.7777272794992,MOTOR_OVERHEAT
4.900305294830161,44.779591603830845,0.7971259907909154,1500.5005503768612,NORMAL
5.417994631269853,47.75739303571394,4.250089400270661,1489.678786016238,BEARING_FAULT
5.967355955340822,52.38526834709103,5.386787336443969,1426.3277770423456,BEARING_FAULT
6.462676620950264,84.77161084243764,1.6440915482852017,1444.2710628134198,MOTOR_OVERHEAT
6.368726524913614,74.94121491771548,0.8323064513749666,1481.0407610820132,MOTOR_OVERHEAT
4.320457497598346,47.26747498847986,3.2182842700098737,1628.7849766268266,BEARING_FAULT
9.965982121673989,64.0646883040344,1.309545768475833,1337.0305891834316,MOTOR_OVERLOAD
4.337990626394464,53.38748172962332,3.71049383882005,1511.139558313245,BEARING_FAULT
8.32336197270038,81.75196929160626,0.7470623522421105,1523.9175237587267,MOTOR_OVERHEAT
13.077589440572961,63.06006935154987,2.0821946175855155,1447.9339325423991,MOTOR_OVERLOAD
3.6516388667954867,45.445401717592446,1.4176212762922764,1481.0367810653456,NORMAL
5.445952502722065,41.18083273147671,1.276791916836356,1550.3882341152162,NORMAL
4.6490755190402,43.51688732215175,1.0193768970829664,1512.6017214446467,NORMAL
6.636574517491414,72.19048886369433,1.1278917103844193,1556.4784693717238,MOTOR_OVERHEAT
4.528060534937499,51.065474586901345,1.1893714984201442,1467.4332007205555,NORMAL
4.360995276428069,91.31193556925649,1.2126706897319197,1497.527155626769,MOTOR_OVERHEAT
6.054617475673748,50.3638393196068,6.171756115019441,1633.416023122347,BEARING_FAULT
6.17611297527941,90.67228211737965,0.8621623184439624,1420.841338994845,MOTOR_OVERHEAT
10.115178002669293,59.84265017549453,2.1481480996170097,1448.4984164707475,MOTOR_OVERLOAD
8.238445749060732,58.67614720249324,1.1195076444374292,1364.8163320408473,MOTOR_OVERLOAD
10.307536695618582,62.92359576998594,1.947774063229317,1534.4245684782668,MOTOR_OVERLOAD
5.514076389539916,46.61942035054284,0.9655666152994232,1440.9116814615588,NORMAL
5.289240101315315,45.00799742566035,0.9185870521204826,1455.977386678794,NORMAL
4.602188730228775,50.3327849521811,4.5020925000693595,1481.4613650036245,BEARING_FAULT
5.1622059435690355,42.97157887828703,1.0971970768816433,1479.0234042811583,NORMAL
4.554684743601538,44.64554421898733,0.7955156342408699,1458.2233404676626,NORMAL
6.382405516148467,90.91416018363196,0.819029261730623,1348.2018669700578,MOTOR_OVERHEAT
3.79027025721905,80.4534475683457,0.6295901087988199,1493.5388155426713,MOTOR_OVERHEAT
8.803201447529617,53.03820493871835,1.06815201292951,1404.5702090762848,MOTOR_OVERLOAD
11.24249357956933,49.17253579055857,1.0456789773809476,1302.9571531841034,MOTOR_OVERLOAD
5.457118633711631,50.41277019310159,3.9334956763037634,1666.059258039988,BEARING_FAULT
5.208625071470574,45.43794143778835,0.8616921158257486,1438.1880021788497,NORMAL
7.124290752802481,45.15765538014149,4.737646992288879,1546.422486275053,BEARING_FAULT
11.09897495287737,60.6246906091692,1.7672013541306364,1445.7932466050556,MOTOR_OVERLOAD
4.267334185299806,51.992399110700106,2.870105912526555,1449.1013715679665,BEARING_FAULT
9.771388003999933,51.96936166692774,0.9172222604043587,1437.6853819879514,MOTOR_OVERLOAD
8.393867106406834,60.92297090695402,0.8358851416160588,1533.9487392149458,MOTOR_OVERLOAD
5.202137029007839,81.15646239055827,1.4719663087704085,1447.6395932475025,MOTOR_OVERHEAT
13.43538076695933,58.98488416045855,1.325787570441069,1413.0174988026242,MOTOR_OVERLOAD
5.0463864359347514,51.81731243232393,4.660282697469754,1419.297850243327,BEARING_FAULT
10.598433759428788,57.41764524475516,1.1929491740415685,1322.4837635460642,MOTOR_OVERLOAD
11.011983963361914,46.91802293685624,1.6798719611265436,1452.280105723081,MOTOR_OVERLOAD
11.723579355998679,68.2572076937576,1.702919626943245,1322.735014465265,MOTOR_OVERLOAD
6.58083784450745,55.99868692821365,3.2233261202725494,1506.7557757149636,BEARING_FAULT
4.837391683524674,47.502189041734134,4.204420287232055,1349.51757904315,BEARING_FAULT
6.171227115328305,88.25345203470367,0.6866910620795484,1447.7055064276842,MOTOR_OVERHEAT
4.814392076167857,50.74120062658176,0.7254626021561497,1541.92118310469,NORMAL
11.110484892488293,55.4082437460765,1.1746296669265623,1372.598332104049,MOTOR_OVERLOAD
4.623160349764776,45.68070777276773,1.002162118112911,1545.9496939929097,NORMAL
14.05569184543972,61.891395027796214,1.292988700687129,1569.4567849944158,MOTOR_OVERLOAD
5.246170457547088,82.13443149226914,1.890781312964,1460.5605377481297,MOTOR_OVERHEAT
6.556011626374668,85.36411276483629,1.3305720833812948,1496.7188241058466,MOTOR_OVERHEAT
5.028384079787565,48.31286973863899,6.410255562985936,1407.2778947963573,BEARING_FAULT
4.773499574397645,87.943374089152,0.5331436806523175,1529.3162678947401,MOTOR_OVERHEAT
4.866666381740736,50.52683037351119,1.097226766696014,1475.0558996148256,NORMAL
10.780828952608182,56.9075264239089,1.969873866696558,1289.6015467277043,MOTOR_OVERLOAD
5.988436398561998,50.17403987383748,1.3169156758092648,1543.9673597514125,NORMAL
4.860638402045459,48.46490080343411,0.5948735745833844,1442.6311117016958,NORMAL
3.7300073306176813,47.57823364793592,0.6906393794681245,1491.5712408369295,NORMAL
11.435199990633134,61.66078302278266,1.1776838137393075,1347.7445675016677,MOTOR_OVERLOAD
10.819872132396883,61.224578620834464,1.604460219922528,1323.7970666963452,MOTOR_OVERLOAD
3.2212826972950093,44.15306478982242,1.365317556235341,1506.460986086154,NORMAL
5.164822146865816,60.06489539566229,3.3125647379164533,1704.8709164394936,BEARING_FAULT
6.114121887244754,85.91836842540377,1.0224687726354045,1485.5918547829529,MOTOR_OVERHEAT
10.485116357244701,59.34335624240835,1.1759618765642277,1563.239473145963,MOTOR_OVERLOAD
6.809397787548615,89.86886694905947,0.5626968949383118,1477.361156213743,MOTOR_OVERHEAT
5.034547907776687,46.97169724786711,3.7991122330964853,1601.1200100498738,BEARING_FAULT
11.913335774865546,49.309852972177715,1.0118607850562606,1454.0980357122075,MOTOR_OVERLOAD
12.083411220767005,67.16519238854353,1.5047583648196974,1487.2458869899078,MOTOR_OVERLOAD
4.812952201506532,43.93434586369929,0.8013265542026222,1525.0997558668737,NORMAL
5.728513897357101,41.49556030308817,0.5006930820009398,1509.4115883667948,NORMAL
4.257154190576141,49.372001723465544,1.3599004740530836,1385.1365583981842,BEARING_FAULT
6.058421864652004,89.47382441123345,0.826783249842297,1432.347737104019,MOTOR_OVERHEAT
10.067908259679323,52.74934214683182,1.1404140898692334,1250.8501441795693,MOTOR_OVERLOAD
5.574692689047834,56.21700527520757,4.717958953834021,1339.1782120290025,BEARING_FAULT
4.232221585429663,50.185540680140335,4.893226445894186,1300.9550932022478,BEARING_FAULT
6.110626037180491,58.639797289770556,2.0440163066439703,1737.81848959121,BEARING_FAULT
6.0007325666717115,47.145187876723575,1.38597703938617,1534.1293065147631,NORMAL
4.727009911795532,44.5324792543659,0.9101040807833903,1539.066614799125,NORMAL
5.154536544247199,46.18611665525107,4.983142415242908,1509.978824464403,BEARING_FAULT
4.505311270585256,48.222714556970004,0.7018906368680551,1466.60595388914,NORMAL
5.821477957651849,55.58355275322695,5.32646209633489,1377.2833904620018,BEARING_FAULT
4.992749209527039,44.54732636108441,0.6579379430046526,1503.224311024821,NORMAL
5.399231065383672,42.615644401375334,1.0585311919428664,1549.526412059594,NORMAL
5.372631690048451,57.75985322538492,4.2658458670725965,1423.7131056614198,BEARING_FAULT
10.614023172101492,56.59029577735259,0.6477369511002398,1334.8024554667184,MOTOR_OVERLOAD
6.812066424078897,88.98558360719466,0.8547966958996477,1495.6871593048272,MOTOR_OVERHEAT
6.984973253916228,53.933026768874065,3.5461536108443443,1409.8997197930219,BEARING_FAULT
5.962846607027345,52.04095234710087,4.337355447902066,1405.3763427701217,BEARING_FAULT
5.596147074207808,58.95398044305522,4.964787265190277,1451.7535609997303,BEARING_FAULT
10.631674752198972,73.17013885125371,0.27692810486639763,1384.7670594391964,MOTOR_OVERLOAD
10.16044959327528,52.74622760501956,2.137511540329087,1468.0389762561526,MOTOR_OVERLOAD
9.600161673965998,58.130189026359496,1.4119281060076496,1505.5231468732186,MOTOR_OVERLOAD
5.322869262202356,37.75752528007842,1.0033833089855981,1447.3229970546822,NORMAL
4.063424988203335,45.27165267667734,0.8195617565322982,1520.4283179685406,NORMAL
13.421170884536732,54.811258586159234,1.5319735366917138,1377.0322553443546,MOTOR_OVERLOAD
4.102963501863677,40.27408372828472,1.369562540286791,1523.7876084548075,NORMAL
4.918298948684853,50.432215691840916,6.958975243016043,1628.6187735769943,BEARING_FAULT
8.801162757449692,62.67772612441539,0.8971847102859563,1413.800575070806,MOTOR_OVERLOAD
8.55650365240955,52.41637867186293,1.0853047758626788,1287.8343168604756,MOTOR_OVERLOAD
8.391776806218603,52.07489332090783,1.3875755388286544,1279.7647130202208,MOTOR_OVERLOAD
6.684508553722781,86.84725434608085,0.6258732858040771,1550.2042594231948,MOTOR_OVERHEAT
4.874729694219843,52.26206059023994,4.142779817351735,1252.6616048514952,BEARING_FAULT
6.440818427089783,77.48103856932067,1.8054558631018178,1625.2563109395303,MOTOR_OVERHEAT
12.586752152193359,58.79541825937391,0.6766330881132494,1322.0174072921077,MOTOR_OVERLOAD
11.716115860154133,65.17899086911774,1.0353502430144723,1370.285909784429,MOTOR_OVERLOAD
7.195855756026778,84.36523408774498,1.8951926381713347,1477.3086286710811,MOTOR_OVERHEAT
5.059220329984948,52.02144231132398,5.866440963700728,1450.2219986780271,BEARING_FAULT
7.925795473577255,89.87459050205462,1.3623591548958378,1454.946341613338,MOTOR_OVERHEAT
12.85399772414509,61.674069520590706,1.8441358956185814,1381.7507854627488,MOTOR_OVERLOAD
5.399989846250543,94.02041477173088,0.5569765016352115,1586.1272355219194,MOTOR_OVERHEAT
5.28542513036577,54.94180837626761,4.652598673542039,1394.4224635946223,BEARING_FAULT
11.573086361693749,48.12519296746592,1.245058805232191,1383.6046186910692,MOTOR_OVERLOAD
8.540915141803147,50.96944988870033,1.5216645940328692,1384.9485851889522,MOTOR_OVERLOAD
8.220803277402581,61.61411703335512,1.571760969890641,1367.7928317796313,MOTOR_OVERLOAD
6.291828071291231,85.05052919707623,0.27945332516952215,1444.2164770129937,MOTOR_OVERHEAT
6.803918022224637,87.82839093684068,0.960681325246701,1569.2670158299206,MOTOR_OVERHEAT
4.302542731916041,42.384147465452315,0.24517144126817025,1483.6907691358226,NORMAL
6.336326092259575,55.38576705216124,4.092484613062608,1444.1967599379566,BEARING_FAULT
5.2051491597390145,61.357329709028164,5.725545316724952,1316.8955542217188,BEARING_FAULT
6.725328671489203,84.97764001976255,0.94031029198252,1530.526968769916,MOTOR_OVERHEAT
5.006870775002393,41.90195975394642,1.117448811204432,1488.7188380884022,NORMAL
6.023306595035563,86.82885071270435,1.0120370733331228,1385.2592021457854,MOTOR_OVERHEAT
4.562549697353835,46.30803947515726,0.722956066020009,1480.6107695380401,NORMAL
5.329243291318476,44.14249956117954,1.51822548598843,1613.8117757963055,NORMAL
5.20177143102945,44.819989925432,3.6678747526586846,1199.393477853655,BEARING_FAULT
5.720785765931999,54.67857322856997,4.794646061727865,1368.1456740378094,BEARING_FAULT
11.541796826080994,54.116332455476105,0.6356532496791667,1416.9586039817289,MOTOR_OVERLOAD
4.482642756560246,50.092592076366635,4.356671074147803,1257.0181445614987,BEARING_FAULT
7.2674492087444325,88.71394186192153,1.4680096571028074,1532.9476690039485,MOTOR_OVERHEAT
4.3459701786462945,78.21239670642643,1.1367073584411347,1404.0879978988316,MOTOR_OVERHEAT
10.484696421761452,49.9844961436514,1.0514493567809955,1403.1865414578508,MOTOR_OVERLOAD
11.62291953539818,60.1486216759553,1.441500191348998,1435.0934533933607,MOTOR_OVERLOAD
6.3063124583503765,85.7769555154988,1.6450898188221565,1407.8103816483551,MOTOR_OVERHEAT
10.021888145895808,52.14168875340245,1.3621856977476574,1450.059563447167,MOTOR_OVERLOAD
6.367113195377601,89.33897786228573,0.7641395718324513,1545.5732534704543,MOTOR_OVERHEAT
9.463606498461704,51.40322867931698,0.23323300878684106,1413.3722630067873,MOTOR_OVERLOAD
5.602772956632619,53.72693654421606,1.4854105126423476,1414.1065042185394,BEARING_FAULT
9.897105107359502,56.75543057981914,0.8621214451876514,1299.073995008176,MOTOR_OVERLOAD
7.849420216983684,83.60775224180453,1.372111867270584,1491.8187883279147,MOTOR_OVERHEAT
7.396316816176424,96.3407429762105,1.38466228021124,1496.9595274137941,MOTOR_OVERHEAT
4.87588433268481,47.69964972686399,2.4078676075572414,1439.238911891539,BEARING_FAULT
5.323019479479137,47.28086015361754,6.59199615358949,1353.0342158365424,BEARING_FAULT
5.481301486403286,41.82016323147821,5.115054124920162,1578.4859290014847,BEARING_FAULT
5.972297235244377,43.67774325858536,5.427137595691903,1284.733017013777,BEARING_FAULT
4.344005685267571,36.96842779678132,0.9994244799972838,1469.7741313429924,NORMAL
5.160626877406301,42.82731667577554,1.1182712948326092,1510.2077340702406,NORMAL
3.077581949545429,56.924452503013015,4.2168541801916755,1243.3739405707834,BEARING_FAULT
4.782900477749395,42.433829116868615,0.9534609131402799,1523.6442605772222,NORMAL
6.658303537090526,86.90611211386225,1.7008965552602369,1518.8700803857341,MOTOR_OVERHEAT
5.411449421164797,42.8862954755379,1.0485758101855205,1517.797682501785,NORMAL
5.438677664122556,51.35031905791312,3.5835345945691373,1384.605928292728,BEARING_FAULT
5.746492680571746,76.4511897801874,0.9757707820241481,1474.1316246427507,MOTOR_OVERHEAT
5.282923113527083,44.80176464979367,1.1432832189270312,1480.3815135722516,NORMAL
5.414291212440661,45.90714418443654,0.6141609889873627,1465.7129438489028,NORMAL
6.958235477285861,72.2046354689795,0.7949751689440889,1490.34976594194,MOTOR_OVERHEAT
5.08294485923521,52.44927024557952,0.6520482142699104,1524.0436734965717,NORMAL
4.981534977173117,39.03615478745729,3.1399148399605794,1467.246276334389,BEARING_FAULT
7.4060104275706085,83.36242029625127,1.085270069994457,1610.0508685937298,MOTOR_OVERHEAT
5.667655798018493,52.63353347244447,6.239774196445147,1587.8752274962253,BEARING_FAULT
7.0666610182492136,59.316134159461214,5.00513042868624,1202.2592163683628,BEARING_FAULT
5.456079851225512,47.410609785225994,0.867426994876093,1463.844828416765,NORMAL
12.453110797885337,69.96847851045467,1.16142549912596,1406.3279856436657,MOTOR_OVERLOAD
5.512884058509813,40.61974564481088,6.441661009263406,1439.7995565776625,BEARING_FAULT
11.274393130308436,58.81255591147318,1.4864900490605915,1358.2931334238397,MOTOR_OVERLOAD
4.745836036123497,46.810153675918365,0.7531893930762696,1599.7095546655407,NORMAL
5.675445357867097,84.17698719402856,1.4115891396963258,1555.6523503050103,MOTOR_OVERHEAT
10.607868189240444,53.55802380496773,0.7994877465909254,1382.0063769995206,MOTOR_OVERLOAD
9.991526200519377,50.02420766246921,0.8977792236420317,1479.6612665330824,MOTOR_OVERLOAD
5.434569606473737,42.53522904003722,0.6779152812587299,1480.3944660704249,NORMAL
5.6263263292159,52.16265274884459,6.775146359817969,1671.9514344308236,BEARING_FAULT
4.8179265252860315,56.69089785023159,3.589975787996508,1355.774191330747,BEARING_FAULT
6.281198929737271,89.94541429057995,1.656718856245515,1459.7437749594114,MOTOR_OVERHEAT
11.204984759380748,60.024958832913036,0.16630208694671267,1460.6110263612595,MOTOR_OVERLOAD
4.931631525407075,48.94454526784307,0.861233285102626,1505.5644695904637,NORMAL
5.35829129609789,45.75614954726011,5.585951938300858,1265.7705361685444,BEARING_FAULT
5.15460473664231,73.21798515436244,1.2631217113643785,1474.8646116033517,MOTOR_OVERHEAT
4.482077713665566,44.26281542124139,5.474398215342209,1406.0562624053073,BEARING_FAULT
7.479929109697188,87.58248312648351,1.045294651835708,1581.7463158376463,MOTOR_OVERHEAT
5.765457237421362,54.855624192262766,6.4012869995688755,1508.5329040876209,BEARING_FAULT
4.752597876677162,45.869092632914494,0.9624866752420347,1489.8464975549787,NORMAL
13.46324253789561,55.938393433597724,1.8008421698034367,1451.3042971805862,MOTOR_OVERLOAD
9.500022828784404,56.03158225944641,1.6777289408473057,1268.3373468148604,MOTOR_OVERLOAD
8.140282810754998,86.63017244961358,1.0598996794364701,1376.4170058867528,MOTOR_OVERHEAT
6.698359167318834,86.20855899399729,1.4618858699900295,1488.6848228300448,MOTOR_OVERHEAT
6.204905344097712,83.20569934015252,0.8471947721887054,1518.0371759925717,MOTOR_OVERHEAT
5.373201642240059,84.92779738503894,1.433581685341698,1502.6779345314112,MOTOR_OVERHEAT
9.346794456104714,69.98973390004801,0.7473474704259692,1369.0429922155654,MOTOR_OVERLOAD
5.2096103735362576,38.53979643766085,1.1096462035115513,1578.940857472547,NORMAL
6.850933076454698,86.59165992018892,0.93477115275883,1519.9130646450958,MOTOR_OVERHEAT
5.0426599477718685,44.277982319282806,2.4526082815509964,1386.1585384708862,BEARING_FAULT
4.315903448524262,45.29310125834279,1.5523766843280713,1511.2835156333952,NORMAL
4.593041335906894,38.728278334278,0.4891664164320071,1505.1763814758347,NORMAL
5.454106704282229,44.49115108968072,4.692436398827766,1434.3718669897833,BEARING_FAULT
12.2136762325784,58.449887307939015,0.8410934034154147,1463.2904773758046,MOTOR_OVERLOAD
10.645625551064468,58.26513951733624,0.6356032443971912,1249.2900030450269,MOTOR_OVERLOAD
5.017465967946001,47.69517757467103,0.9651200064068903,1489.7670746302967,NORMAL
4.776159933009019,52.74511667198931,2.749547284430906,1512.7655391863698,BEARING_FAULT
5.42829208188944,56.65697859366168,0.9977298110106548,1547.6637445673027,NORMAL
5.043277704628322,45.408125188962295,1.1468151816815229,1511.4916304414546,NORMAL
5.796611679360615,48.981961131781276,0.8103742531573267,1537.776634741611,NORMAL
7.215153550588905,54.59409533392523,1.775583669367549,1711.258574305023,BEARING_FAULT
11.582827521918823,65.37289001629964,1.254217995872677,1400.3604052407482,MOTOR_OVERLOAD
4.068260782089503,46.34631807683597,4.368928403245485,1525.9700731877344,BEARING_FAULT
6.5300696041135815,90.16510813442464,1.0688396397927795,1455.314386682424,MOTOR_OVERHEAT
5.1915462384198,45.28587140858747,3.9500344561987704,1557.8210208621792,BEARING_FAULT
5.267918705617967,43.89319963965715,1.140345934872897,1538.7763916299282,NORMAL
7.390044503010141,84.11628934395654,0.9906369397820811,1449.8856702459138,MOTOR_OVERHEAT
5.8517931164825425,49.017748585924025,6.1150934984785685,1472.1879009863721,BEARING_FAULT
7.724125435835174,83.01826979040715,1.8273371574413622,1454.5765919581045,MOTOR_OVERHEAT
6.229253390517972,42.73744500657985,1.0341625582426037,1530.3110704374476,NORMAL
6.0164116905768426,92.18309396540549,1.5605648895105255,1512.3917916685964,MOTOR_OVERHEAT
5.946167714370946,49.41092347754676,5.482836108070864,1442.966995105165,BEARING_FAULT
8.360136692065332,46.02455448328124,1.435584759696446,1482.245441596826,MOTOR_OVERLOAD
5.466675161257369,50.769219164744975,1.5331548520773173,1485.8702523268958,NORMAL
7.208793601905235,94.14795856570643,0.9229938094451413,1404.643248673884,MOTOR_OVERHEAT
4.333741589351313,45.24187379246947,1.1375677408636506,1470.3793671799551,NORMAL
9.763840251103993,45.285376358696,1.557597071412494,1474.8754113041252,MOTOR_OVERLOAD
12.232905801663016,61.068393977046235,1.6419839012658755,1314.2358582101058,MOTOR_OVERLOAD
11.499713798112666,57.9653947229033,1.5434729651655155,1331.0752895297753,MOTOR_OVERLOAD
5.225094152326124,56.396309974915596,4.938960879712435,1484.0500301747252,BEARING_FAULT
5.272317370011892,50.426335326217064,4.947782968142894,1533.3606761260212,BEARING_FAULT
5.943331641089915,81.5387620988578,0.7407616641996577,1582.9856488886248,MOTOR_OVERHEAT
5.64264608252684,49.0647961335891,3.705035881665477,1345.8331756550187,BEARING_FAULT
11.963229428448894,57.25400307490659,1.1514453435250294,1501.275486731888,MOTOR_OVERLOAD
6.624604042745422,84.93875422270385,1.2399305951010138,1521.8555831132953,MOTOR_OVERHEAT
7.989704036741438,81.53263981686914,0.687397171482442,1545.2796260183063,MOTOR_OVERHEAT
5.750353069191969,44.71571500458375,3.41503945407574,1565.5615526123827,BEARING_FAULT
8.749369396669238,66.22640434461198,0.8654717768474086,1440.265389124335,MOTOR_OVERLOAD
4.706149890259274,45.92512809097346,1.4292757056473058,1470.3194630044104,NORMAL
6.575804557959252,93.02332564365405,1.7743172769230102,1525.5964849228508,MOTOR_OVERHEAT
5.629603766326044,42.67362426287358,0.6368803816651634,1436.0600587194688,NORMAL
3.901156349470926,46.291189856372995,0.9633748336085824,1540.1390516351066,NORMAL
7.019169438426442,85.29399361000864,1.4781509613073252,1507.8922783508026,MOTOR_OVERHEAT
9.724688937291413,50.89679282416016,0.8383404257652287,1385.2191703578953,MOTOR_OVERLOAD
4.270063910371324,52.43797923049325,1.025398384219829,1488.745200323772,NORMAL
7.02581519915485,88.91263101057378,0.952326899115246,1462.8496174266022,MOTOR_OVERHEAT
5.189529331919185,54.06686344736663,4.000055560171063,1381.690077873903,BEARING_FAULT
5.2067871357416315,45.84116516434459,0.8240453047240107,1487.820887690139,NORMAL
11.610694704812413,61.02524511120674,1.5565731938934868,1442.5921044990287,MOTOR_OVERLOAD
10.830439443692924,55.484556059960376,0.9082487983242833,1347.073689246115,MOTOR_OVERLOAD
6.411568123557722,89.21838770415826,0.8799433516940045,1420.784686314961,MOTOR_OVERHEAT
5.234678186722039,59.259795100891594,6.657239805353765,1682.0106110921176,BEARING_FAULT
4.915697687040476,45.48467911103188,4.401339847056052,1422.0318576380096,BEARING_FAULT
6.986598997748611,73.4803784339299,1.254266189706741,1480.2049530405106,MOTOR_OVERHEAT
5.596364494729033,59.4026486303387,4.666405539900916,1371.392315932245,BEARING_FAULT
4.800821951483408,44.306145529922944,6.252976272915848,1487.1699336779475,BEARING_FAULT
6.430415264670944,54.95155190411648,4.507403238401083,1242.137053158917,BEARING_FAULT
5.35218902399172,42.90844952603217,5.849781631567009,1497.5446602227057,BEARING_FAULT
12.840936719963288,48.77534230524015,1.2873661003147476,1384.8205036794882,MOTOR_OVERLOAD
5.784026075274425,83.26861692032436,1.4348476534064813,1525.5277738898897,MOTOR_OVERHEAT
8.664926071795875,68.61449995462071,0.8579180636729926,1572.0175371538182,MOTOR_OVERLOAD
8.131045543907952,90.76198678557111,1.4621604968908006,1500.7321974997446,MOTOR_OVERHEAT
5.140640535619218,43.49515158486614,1.0450243391035072,1475.141521296889,NORMAL
6.572146053512972,49.963043510766425,2.7584253110146824,1171.4852741122377,BEARING_FAULT
4.840580207719318,40.63041741582458,5.545203811897486,1653.5794096377967,BEARING_FAULT
11.065175036527187,60.95158120813785,1.331291525742735,1401.508947737996,MOTOR_OVERLOAD
9.200897261263947,43.9001727085323,1.2275106244832368,1396.5162744508086,MOTOR_OVERLOAD
5.2310227625936605,38.731766999058244,0.49626687171288486,1470.2928458119538,NORMAL
6.9484738100732315,87.6989116388393,1.2567044631958417,1538.5405908341322,MOTOR_OVERHEAT
6.529724661829022,90.4455321487731,1.5386041610482672,1645.9879650651376,MOTOR_OVERHEAT
5.5820761949076685,82.41293701218699,1.6723084152203733,1455.2896295051119,MOTOR_OVERHEAT
6.759169872950082,74.23405289501295,1.1058404938909678,1529.6672169215888,MOTOR_OVERHEAT
5.214817907545124,72.65584576045762,1.224260512829394,1489.3495041784124,MOTOR_OVERHEAT
13.925208476262528,56.34814472582767,1.6575273414230336,1443.1550816509318,MOTOR_OVERLOAD
4.346935092395302,51.50742965167019,5.255281934474478,1318.7175507609686,BEARING_FAULT
5.286428627933209,51.85342171495578,5.385934507315877,1464.9468650292988,BEARING_FAULT
6.345752187441791,40.18921365639588,1.034139869602089,1539.3295987778163,NORMAL
11.980921731384411,64.66234583414477,1.1943982030928815,1484.7051573706235,MOTOR_OVERLOAD
7.558581053734378,91.74891996442054,1.491226315902106,1470.5870419288458,MOTOR_OVERHEAT
9.742971229361473,53.10828142723279,1.2246106358505746,1373.288895079083,MOTOR_OVERLOAD
6.078082157288012,45.731739776031475,3.7996675921401,1514.5413052646074,BEARING_FAULT
9.851966727319544,49.958749689813715,1.165984390905873,1466.5465161677103,MOTOR_OVERLOAD
5.583732292440462,54.4870859746566,6.745083354536666,1490.8149328035508,BEARING_FAULT
5.624118502581145,48.80575631902924,4.979155767522705,1701.7493275692927,BEARING_FAULT
5.7190180488484295,71.83039262330504,1.0820916768116946,1370.7149821979306,MOTOR_OVERHEAT
5.627245998443273,51.956120817033664,6.416937967277297,1331.4060024954563,BEARING_FAULT
5.460093723070546,46.21534970255025,0.6369841450932898,1540.466416548266,NORMAL
9.356909466175946,63.09802151469096,2.0091159692364178,1340.008397489573,MOTOR_OVERLOAD
4.708215254556001,42.75406789286846,0.6773283141570954,1494.6389111676253,NORMAL
3.6849079396981352,61.30682412396035,2.328374396509187,1354.707962520229,BEARING_FAULT
5.631858904564779,51.71199798975463,4.7504980413766935,1417.3389764850265,BEARING_FAULT
6.000455037818863,76.36118042922544,1.1422071028312486,1465.5687295437342,MOTOR_OVERHEAT
6.0862970199791775,82.32644299441327,1.4765038845141412,1491.530254879708,MOTOR_OVERHEAT
3.554046820520075,49.75848802115057,0.7026681053237949,1525.8006675726024,NORMAL
11.446899765452622,56.217131576619146,1.5844600627738097,1415.5283286439067,MOTOR_OVERLOAD
4.965827275271883,35.69851450050285,1.3558427506356492,1468.7523589541197,NORMAL
11.830814480418248,54.70343788134761,1.6975538413911697,1414.2121101297041,MOTOR_OVERLOAD
4.363684914756888,42.57339475996772,4.990106023486286,1453.7946829849177,BEARING_FAULT
4.594389616591179,38.79592235060778,1.29365240237116,1445.2750861498678,NORMAL
5.185050572861224,54.189913552761496,6.448454634669945,1434.8341099742117,BEARING_FAULT
5.258180815374532,39.507987932457844,1.25438762303911,1510.6211459646588,NORMAL
4.466721612061449,44.41675816764474,1.4470373026889716,1466.9462729268437,NORMAL
16.18106960336627,40.78227985087026,1.4421504842680386,1467.414976318181,MOTOR_OVERLOAD
9.899635484748439,61.92391739341069,1.1252817759568683,1287.2504489953167,MOTOR_OVERLOAD
7.970573739224614,84.8831097083959,1.648966648492373,1435.7629510275513,MOTOR_OVERHEAT
5.059686483809443,48.582420973257385,1.0648614028968064,1474.975035743944,NORMAL
3.837897175627889,44.93184844265015,1.0015968581355101,1494.9098676405886,NORMAL
4.518944928562182,54.490859123283286,3.5605227364960434,1498.798538845317,BEARING_FAULT
14.781063038236955,64.01219195986148,1.0124211872521747,1356.6086792425367,MOTOR_OVERLOAD
12.030430501656225,49.53077647254289,1.60533553901264,1367.916494606473,MOTOR_OVERLOAD
9.633032766899492,53.847483060229784,1.6252142947550487,1268.990455764464,MOTOR_OVERLOAD
10.406123053384103,67.76338684998143,1.0433470243447935,1364.4444380965522,MOTOR_OVERLOAD
4.995394771336067,85.51678118384469,1.348043258424889,1398.1365175774413,MOTOR_OVERHEAT
5.207956525707621,58.70071885420718,1.908901903904113,1370.398911488334,BEARING_FAULT
5.139605726812823,49.53472191502681,1.0188094909710144,1473.3299659917259,NORMAL
5.601047238590905,43.445467275732724,0.7441186546623183,1436.500287050748,NORMAL
6.3204466845741605,47.43643471932776,4.960960711013357,1512.4024945575643,BEARING_FAULT
10.330452267457346,65.82755251406995,1.8777001585609518,1526.303419187989,MOTOR_OVERLOAD
12.290926283505446,54.16854285773787,0.4188602469961481,1483.1315065187346,MOTOR_OVERLOAD
11.100771664480972,69.35301298239764,1.439823179452824,1437.726784627671,MOTOR_OVERLOAD
5.237560324658494,47.98908820457382,0.7254322836540028,1461.3003969049905,NORMAL
4.856386623516185,41.045491402261575,1.2317619422748283,1450.0502955716915,NORMAL
4.478571651281131,46.55389680340616,1.0804488342865948,1490.6859713553765,NORMAL
5.808561988774851,47.7088608062916,5.185448724180539,1395.0654975321947,BEARING_FAULT
4.6980516229436695,41.59077015546701,5.507142430792397,1348.59895574143,BEARING_FAULT
5.6084235705623975,50.83084559879384,3.9387714881124265,1375.6574031917532,BEARING_FAULT
4.828266230095599,49.338060643719864,1.3622275084933602,1448.3701385233753,NORMAL
5.506631114291192,48.83836210300029,1.2366723650149718,1504.987891106054,NORMAL
5.0318932085467205,47.60099602231346,0.44609889666385594,1487.4783085629517,NORMAL
7.702378116577756,84.77277251639114,1.548049789407794,1521.1835355544927,MOTOR_OVERHEAT
6.707137916657081,85.00232137679447,0.8625586863435872,1486.0275562499737,MOTOR_OVERHEAT
7.94631489793392,79.48565871889208,1.0162614282352598,1507.7054682953926,MOTOR_OVERHEAT
7.561824352017729,88.02978833355405,1.594175681122422,1494.6157595226803,MOTOR_OVERHEAT
5.522857266768914,42.84934969238791,1.198132769964531,1519.4121313225257,NORMAL
5.850500393952758,43.43982061384506,5.319644499746143,1301.0363501036868,BEARING_FAULT
5.235941149577745,49.71930927295163,4.57036356252842,1463.445561235253,BEARING_FAULT
5.887564706404538,47.181293047868245,1.4882204018394058,1458.6355544188116,NORMAL
4.992608424242413,47.91931515606212,0.6033412101737654,1455.0728807164814,NORMAL
5.810375072571594,51.82436703251056,0.9508707687633395,1521.843569233257,NORMAL
10.420331356660375,61.609300014063514,1.022634667533059,1329.9759351870148,MOTOR_OVERLOAD
12.515095545297392,60.8790342214133,1.612696091219127,1368.6774052995659,MOTOR_OVERLOAD
3.829378886807698,45.01197316479983,0.5785625357169017,1489.38559566743,NORMAL
5.586063047653415,50.2632291063457,3.879135050779952,1321.7943246040659,BEARING_FAULT
12.303054012847525,59.92175010404335,1.090326837497999,1295.912440277495,MOTOR_OVERLOAD
5.280254856836305,54.00359915170554,5.0394205747825005,1263.7822056171512,BEARING_FAULT
6.622382323604816,79.3809993839501,0.9710842377571413,1510.0714733744874,MOTOR_OVERHEAT
5.049198176684121,58.99001235051106,3.90632142321296,1578.7651683694723,BEARING_FAULT
5.283535119891025,54.8803634098607,3.8619230444535995,1460.0301476267161,BEARING_FAULT
8.554000288471842,84.90003571322147,1.2157537714219717,1502.4291135258309,MOTOR_OVERHEAT
4.479062169289121,41.68236012983013,4.594791561130082,1439.1287685798998,BEARING_FAULT
10.278625000738788,58.41975153646825,0.9422911983385778,1373.2892139205157,MOTOR_OVERLOAD
5.8564911702107025,43.96517639325708,1.0692016907141877,1494.4781169887387,NORMAL
5.375051120748892,40.89835948888838,0.9335211490005692,1522.4616461847859,NORMAL
13.454637818512497,56.551783271791805,0.8414796377085325,1307.4297081124869,MOTOR_OVERLOAD
7.338189105425368,82.32101437163932,0.5975231087783098,1422.9406528680324,MOTOR_OVERHEAT
5.4506341217009195,46.21677550466892,4.657447135056236,1301.321128901275,BEARING_FAULT
2.9707900469762625,86.60167414357039,0.8768287626391279,1497.7280104814445,MOTOR_OVERHEAT
6.201551074509893,81.01896098613652,0.9195125342662955,1511.5731188771394,MOTOR_OVERHEAT
5.20691639198421,96.4795730480592,0.9942125871388656,1444.2776542921051,MOTOR_OVERHEAT
10.825701073460369,58.01289448256612,0.475788421150275,1477.8391549959365,MOTOR_OVERLOAD
5.519552513334013,47.35461649268294,6.020655127892839,1365.1491464199912,BEARING_FAULT
5.113906035702466,39.18560288027348,0.9780345028048536,1475.6653001638392,NORMAL
5.17347163921399,40.03297788448643,1.2300601879987183,1539.8343489748945,NORMAL
5.018651352662691,47.688457260385746,1.0730196749201617,1486.0652254706372,NORMAL
8.432690937225164,56.76040443659502,1.121196216035258,1400.5892750280298,MOTOR_OVERLOAD
4.8205762650107165,83.48030893157645,1.257384947704836,1429.2387323024584,MOTOR_OVERHEAT
10.121279589746177,56.77438307315621,1.7236474640832742,1526.9943462512917,MOTOR_OVERLOAD
4.772116092926063,46.65846514010681,0.701292931947458,1469.0091201768655,NORMAL
5.636097293726368,56.79897905652373,1.9439128274897755,1336.115236823507,BEARING_FAULT
10.086864614532011,61.51291739347649,1.880835252815726,1390.8203435199928,MOTOR_OVERLOAD
9.293609006955966,46.66361447275648,1.5679293683665754,1453.0489904852584,MOTOR_OVERLOAD
6.5961271893923055,85.69947959621331,0.786376447821655,1505.0778565509697,MOTOR_OVERHEAT
12.177591377374979,58.31567245546828,0.8895671996274738,1445.9913534331145,MOTOR_OVERLOAD
4.936290841626454,43.77321084869625,0.9840091393026537,1508.7761067901563,NORMAL
5.286198313908787,94.84988568001889,0.8642796849383738,1577.2458801265016,MOTOR_OVERHEAT
4.577196042278071,39.36072228420876,1.1766109834645453,1480.2264019926922,NORMAL
6.00661453146679,66.64842254667074,0.6575263063096191,1443.3924975395162,MOTOR_OVERHEAT
6.793320871685508,80.22741966039003,1.757449806823972,1449.935231823548,MOTOR_OVERHEAT
4.970044453408248,47.478807861929916,1.1429808901971938,1418.2108694798071,NORMAL
4.738755516233622,42.441986436450094,0.5543382521433179,1457.9931152127715,NORMAL
5.677383375632535,44.99442939422661,1.2210509592760153,1519.4727418859713,NORMAL
7.79830246593978,83.84166412600685,1.4960399133358009,1431.0244113365784,MOTOR_OVERHEAT
6.41534902677851,44.94928222907538,5.436484316986059,1627.9661458179708,BEARING_FAULT
5.4666768370614935,72.45063219629876,1.0741821086695265,1572.4777989648417,MOTOR_OVERHEAT
5.842292835239935,43.30214916087241,1.567914665626763,1463.181769750028,NORMAL
6.829995353998959,89.69949882463689,1.0206599234893572,1465.4250573024935,MOTOR_OVERHEAT
4.809256070822922,40.62505175313332,0.7834016380789866,1512.923330317516,NORMAL
9.495832165581328,56.32245307889484,0.9838445385271106,1209.1166822108744,MOTOR_OVERLOAD
11.839055100961037,62.972268436773845,0.8795296210931638,1399.6656965269874,MOTOR_OVERLOAD
5.688687596440138,38.2506092223466,0.5134224619509372,1486.6027185090556,NORMAL
5.750604219085234,82.31530544744743,1.10944466010218,1492.622162799227,MOTOR_OVERHEAT
11.863020997711354,59.36123810807642,1.2995947069853537,1367.1960306108929,MOTOR_OVERLOAD
6.109757282349445,53.61832107370958,5.836091210240605,1344.6757445361663,BEARING_FAULT
6.524103415177287,45.654563202612934,6.257880442890282,1069.518196152219,BEARING_FAULT
6.259646239235865,47.68545135385703,5.012658480550064,1583.8377215461867,BEARING_FAULT
4.227546451235582,45.27194650420436,0.8138444138054015,1513.4782670424077,NORMAL
5.940691524553789,49.82133465859655,3.227802153848394,1160.5969417935012,BEARING_FAULT
5.70880921039848,44.95057281963903,4.54011366521697,1434.7419215276745,BEARING_FAULT
5.00686726345488,47.75104452639949,1.1154305632614978,1572.9951607122846,NORMAL
8.453566535722816,61.03297626524965,1.0406566345500297,1419.2736569964923,MOTOR_OVERLOAD
8.528645837424591,89.5050976560319,1.1442796725305375,1414.3538174290009,MOTOR_OVERHEAT
4.967730469509008,47.79126735600002,1.0672891921544783,1475.6704108265085,NORMAL
6.419849283092287,45.52997767380755,3.995435750348771,1331.4629281083642,BEARING_FAULT
9.07527829609451,67.19576735435876,1.6277363680697763,1419.5248180785413,MOTOR_OVERLOAD
4.973304384478033,86.75174282961274,1.5108178275346442,1486.0990749352786,MOTOR_OVERHEAT
5.224879527376604,48.76776130040949,7.115867169938358,1275.104841868016,BEARING_FAULT
4.679928591701166,49.52820915365671,0.953460060645822,1580.884358034139,NORMAL
6.35365027615953,85.2912724408721,2.0120806312999995,1475.1060327741648,MOTOR_OVERHEAT
4.901810564617337,59.149620144652225,7.474961489670402,1252.515726993688,BEARING_FAULT
9.659365492558292,50.881312130844655,1.4418484643100091,1502.9412803165644,MOTOR_OVERLOAD
5.112784152491662,38.65160679680703,1.1408081978862321,1534.0344361543678,NORMAL
5.988014060789212,49.828824794582296,6.598264652555652,1671.9990548646283,BEARING_FAULT
9.519530366305892,59.93074821429097,1.9940295850057104,1356.6676592480883,MOTOR_OVERLOAD
13.821314460511774,59.635315737828805,1.083938578371011,1451.900423830709,MOTOR_OVERLOAD
5.866367915054854,91.42657372245267,1.441171867655349,1504.4673403574743,MOTOR_OVERHEAT
4.286742167406289,44.60621599076848,0.8428681664376294,1516.515655808896,NORMAL
4.0841627919031005,50.18362514132242,5.2143162137300765,1743.5692173457128,BEARING_FAULT
7.042666355573685,46.709066352062294,3.6584397309817285,1607.69302977617,BEARING_FAULT
5.831638685580024,46.500806686190366,3.960020386044983,1290.8309547808294,BEARING_FAULT
6.599093008521929,88.3875873756573,1.713566834227118,1452.1863616086594,MOTOR_OVERHEAT
8.14572261361821,79.69413991126066,1.563421801487265,1430.9918040501782,MOTOR_OVERHEAT
5.278021883619612,45.68250031415917,0.9730807690265144,1513.0964438079016,NORMAL
5.676879237414572,52.1214746228118,4.347054021794681,1284.9208507759804,BEARING_FAULT
6.034199432469978,51.127115562404214,1.2178295084339004,1443.1179293543946,NORMAL
11.457992431023039,60.81321761525131,1.8790851933096282,1433.681064196844,MOTOR_OVERLOAD
6.076622032760215,45.92664177694607,0.9822873348084834,1487.8031131624334,NORMAL
4.879337207288702,45.8145327148392,0.7414052934059876,1450.9292506179345,NORMAL
5.153417782463794,59.64271326983415,4.859721264520741,1199.7262475390235,BEARING_FAULT
5.457755889402162,47.03231642079626,0.7021459576498181,1434.088914355821,NORMAL
5.783601045024095,39.71804406337185,1.6363430207901002,1460.5177938185245,NORMAL
4.079683157050318,36.6623913800461,0.7329937750709191,1582.4719661092643,NORMAL
7.987167193458191,81.09339100130597,1.1247172010146749,1513.414969165844,MOTOR_OVERHEAT
5.522182943510473,52.293376277119556,5.074372397594141,1740.7788313510518,BEARING_FAULT
3.991362116413143,51.4386773588216,5.753299966650886,1476.65149116433,BEARING_FAULT
11.367408840566702,51.709434144792844,1.0917072834406865,1484.8872206082065,MOTOR_OVERLOAD
5.53764417672282,53.04889816986339,4.854420475945265,1529.3766711134779,BEARING_FAULT
4.947934586719381,60.551508119629176,6.40783940618989,1556.1339628818978,BEARING_FAULT
5.604519089521301,83.19330788914334,1.004212919124885,1514.2091619969829,MOTOR_OVERHEAT
5.546976393795627,61.838145895919354,4.104781128916062,1520.3545992334261,BEARING_FAULT
7.6770798265947935,65.31977976866233,0.9146671718121824,1432.8441308046636,MOTOR_OVERLOAD
8.051071404655694,83.38277888137782,1.3603984246515521,1545.0990721050375,MOTOR_OVERHEAT
6.148035571175492,82.9977377643402,0.9192666369280877,1498.3960305871494,MOTOR_OVERHEAT
9.871945619521561,62.93337589336214,1.7906138982426383,1212.6645567314845,MOTOR_OVERLOAD
4.815270043046469,50.067142077160256,4.068447648259665,1543.3819603823592,BEARING_FAULT
5.221250470449499,45.208693274630136,0.9915750774687904,1474.7615361147148,NORMAL
5.822358287931483,52.61736377573526,2.914327003379303,1428.5460595325637,BEARING_FAULT
4.558186751668578,58.01104880682986,2.5220008311559567,1366.3189833894594,BEARING_FAULT
5.122032944371966,37.87704756974612,0.9064326063233801,1564.2193353117586,NORMAL
5.72751130209896,48.007185863341824,0.9460179736350082,1463.722520596164,NORMAL
5.325785849626612,56.17478779852058,4.961381199996141,1430.5124230031488,BEARING_FAULT
5.055831922398733,49.68343114948705,4.057136417557466,1409.4100432639502,BEARING_FAULT
4.640469080710064,50.92196868794311,4.896571295571914,1347.1896612464054,BEARING_FAULT
9.948438764018293,58.44499705963613,1.3652280831730805,1418.4391714743883,MOTOR_OVERLOAD
5.24482170612876,42.65579344009777,1.5852830448060076,1466.844993487989,NORMAL
6.498618919771658,82.51921439064299,1.319215643636407,1471.5578567989414,MOTOR_OVERHEAT
8.74556942533919,79.28331466464095,1.389162464409822,1383.623686063265,MOTOR_OVERHEAT
5.635534243337792,44.40771038180898,0.9227436403270626,1457.7826487617717,NORMAL
5.146057940176302,46.04170146808984,5.382536176326068,1277.9411444691311,BEARING_FAULT
5.1369369980833435,47.09580381677068,1.0702895081130692,1476.3208476908007,NORMAL
8.639681744057713,80.96537326714692,0.8071808702366052,1498.394652259874,MOTOR_OVERHEAT
5.130033649572465,42.804495944290174,3.2172945757088494,1335.8629780288722,BEARING_FAULT
10.360871644653402,60.46221221602923,1.9080424489667482,1330.4473244116264,MOTOR_OVERLOAD
7.777259557212047,88.7104143703979,1.8049628860817277,1397.4887549735038,MOTOR_OVERHEAT
5.763992132380071,42.821646858523806,3.1612151986082626,1420.598494209916,BEARING_FAULT
5.69365046510379,51.344150852477384,5.810623594601302,1424.025069650134,BEARING_FAULT
6.185682570766366,78.24746803993388,0.9414483021009429,1527.6285093904817,MOTOR_OVERHEAT
6.434353455140424,87.40905151334302,0.5846752689987353,1565.8968791364755,MOTOR_OVERHEAT
9.885319388668325,66.62355448261646,1.5494705305916459,1459.3543935767145,MOTOR_OVERLOAD
7.6580446966561215,85.14011831528454,0.8750754732117345,1478.3583705973313,MOTOR_OVERHEAT
10.775997144392754,66.23432460486146,1.2761015284158226,1411.2876305729712,MOTOR_OVERLOAD
4.898699698682879,51.03103063404045,3.501541228311255,1283.8737093146788,BEARING_FAULT
4.422745330195024,37.92951154824247,1.0048388245828013,1537.456016680586,NORMAL
4.5727387748726365,45.86121051976605,0.3615491374042564,1501.0384845373403,NORMAL
5.937330661479927,47.15053279073428,3.555297204788519,1714.6467902511238,BEARING_FAULT
5.6317688259852865,74.57354268368239,0.85761900575696,1628.3809482354086,MOTOR_OVERHEAT
5.892527676331193,50.92624393018037,4.524835181095633,1665.8099875043372,BEARING_FAULT
5.3147044251716515,44.18487255550181,0.8244434653218966,1446.1575468862004,NORMAL
6.064144260776066,43.10701171602687,5.159968747952611,1243.4256375086925,BEARING_FAULT
13.578663605034393,63.30512643227672,1.661625979720104,1393.1924023660067,MOTOR_OVERLOAD
12.578634519198756,54.25527366962236,0.8862568919625207,1410.97897031741,MOTOR_OVERLOAD
9.699721460114969,48.1405181808672,0.8943361231439151,1294.2743030240363,MOTOR_OVERLOAD
5.579522022385413,49.46542686182622,4.165149158923882,1293.163668649698,BEARING_FAULT
11.283066445116827,59.301770941687145,1.4504381470215966,1433.6703215737896,MOTOR_OVERLOAD
5.020127140005363,53.139827071966884,3.9481827388243715,1305.8939275786638,BEARING_FAULT
10.33494518070931,53.401667919333036,1.928217440287606,1413.1104615260833,MOTOR_OVERLOAD
6.738968397328787,52.89892726928094,4.045612458552796,1480.5619343464198,BEARING_FAULT
6.890853021218558,77.83682103463876,1.2710161658756234,1496.3052310919884,MOTOR_OVERHEAT
11.836094835790433,60.27080163575791,1.3891596652015352,1399.4320190472686,MOTOR_OVERLOAD
4.420929942660577,40.25171829450252,0.843538406564085,1497.9372864209515,NORMAL
12.087986094719938,52.030393337102026,0.8933957512373225,1407.2871973428023,MOTOR_OVERLOAD
4.709581921056395,48.63225137407194,1.1593669685777743,1469.6052829862033,NORMAL
5.085538101405286,52.749462632810136,3.517219766339119,1472.8020767673877,BEARING_FAULT
5.987058885010219,76.57676469440666,0.5454458842103858,1461.3310341712386,MOTOR_OVERHEAT
5.2575356515814775,57.000892678971866,4.435014162932957,1870.1026671014931,BEARING_FAULT
4.867419609328188,52.235658168331085,0.8388418617959745,1512.7821602689344,NORMAL
12.45918854215361,56.23508539092661,0.7783070937627028,1581.5690055428158,MOTOR_OVERLOAD
6.864041081113203,83.07239369169987,1.1350727606335977,1397.301895836815,MOTOR_OVERHEAT
11.662038038794924,62.695109084034385,1.2101072983146715,1307.6745818996633,MOTOR_OVERLOAD
6.868086708580872,86.79731076026543,0.799458665782538,1454.6775739296238,MOTOR_OVERHEAT
5.239864536034062,48.89465404537636,0.45755678593877624,1580.5298581917841,NORMAL
3.97020587558493,49.43613973226856,5.08433731259617,1508.029681666519,BEARING_FAULT
7.415078524374221,84.01326696956637,1.0062930202920926,1452.942924398594,MOTOR_OVERHEAT
5.272100933570024,56.638601965904655,4.911824552274932,1516.130401967205,BEARING_FAULT
5.548543277629654,54.31781882036582,4.339397719076958,1117.795561707287,BEARING_FAULT
4.4078857529430575,46.20788297007709,0.28561979796342385,1538.6451872401642,NORMAL
5.442509341080252,47.07864229338601,1.2315622877109484,1542.1057767046225,NORMAL
9.383395462929105,53.75356732312038,1.988630766918766,1487.130974713069,MOTOR_OVERLOAD
9.469605061822369,57.68224801802183,1.2636415439671445,1310.9117734708097,MOTOR_OVERLOAD
11.255036471381855,48.44214729231914,0.9138173288352542,1388.7891897257596,MOTOR_OVERLOAD
4.294031168342419,35.6226267663245,1.0248154605589566,1459.0540895320044,NORMAL
5.817585583882004,51.36180919166409,1.4398608458877045,1462.9568783859804,NORMAL
12.074293609569013,59.492333561914116,1.1842660046988063,1351.3321119974034,MOTOR_OVERLOAD
5.837710871214593,55.85651816058207,6.007388992478132,1443.9052615062278,BEARING_FAULT
6.341167283531746,88.20530651355537,0.8407948074664848,1471.0759245539675,MOTOR_OVERHEAT
6.5513866704361865,77.59262028360553,0.8866520805381943,1485.8266246253897,MOTOR_OVERHEAT
4.7637552966652565,43.03337754013806,0.7907328380211076,1542.0741944211009,NORMAL
9.972135789231464,61.96887036787289,2.005396924223897,1544.1314083477205,MOTOR_OVERLOAD
6.655365746115593,76.17440491945523,1.3332719271255413,1503.7686150604468,MOTOR_OVERHEAT
5.354225164100485,88.60172767762118,1.6162636269936894,1533.5738396190052,MOTOR_OVERHEAT
10.065156224830798,55.7215843129022,0.7463506291965881,1390.4406471648003,MOTOR_OVERLOAD
6.210763544776338,55.049777784081805,6.220540745406933,1207.3576976746276,BEARING_FAULT
6.527023118452376,53.357416441815275,3.1999752502768324,1406.8993872999297,BEARING_FAULT
5.867629613584178,98.89468509648648,0.9094209421256287,1487.8368638547583,MOTOR_OVERHEAT
6.450950921287497,48.96900488921197,6.055636556773226,1313.869495447013,BEARING_FAULT
4.870323311240564,51.55478226074786,5.068266476328281,1286.799312540056,BEARING_FAULT
6.605387250924647,40.90960308199264,4.09949896651426,1555.1742577239145,BEARING_FAULT
6.17060753607578,44.579103462996514,1.162339251465412,1577.6346775672748,NORMAL
5.901449265239667,78.3986836368135,1.6406421234502355,1561.147022625541,MOTOR_OVERHEAT
11.70801435256711,53.1142746815603,1.125837749029044,1363.7705051696691,MOTOR_OVERLOAD
5.6291727356387495,86.98332665549844,0.7048087448316992,1483.784540410297,MOTOR_OVERHEAT
7.502996900450725,79.85362493286378,1.3820392813479787,1496.3163852031653,MOTOR_OVERHEAT
5.135335903706109,47.8994186862248,1.091674057570744,1480.4526972414815,NORMAL
5.32498696976849,47.55252794371489,6.6270275174425635,1581.1864044520585,BEARING_FAULT
4.991268622886954,51.771574096966425,3.767092912249426,1292.6356011494447,BEARING_FAULT
4.628200439522832,49.702026306035116,1.0634380457091752,1542.0829954409496,NORMAL
5.340896906632398,91.70959001340238,0.9547763962537124,1427.4816171736168,MOTOR_OVERHEAT
5.5195144558902705,49.70694016155165,3.0334896146882997,1313.2789747815546,BEARING_FAULT
11.017866524372947,52.52752893886124,1.0416139472424901,1447.7544794258476,MOTOR_OVERLOAD
5.139301933775753,48.18311203897693,1.041461538805984,1513.2207811435037,NORMAL
11.469854791062076,57.94810824392656,1.331056230610868,1476.805677113728,MOTOR_OVERLOAD
6.0956811009703005,39.1115619095233,3.1807579161015704,1413.7676237716464,BEARING_FAULT
8.903504178582232,59.939185581152245,1.6134420377189198,1340.384202334283,MOTOR_OVERLOAD
5.466718772663247,100.15599816335971,1.1808543646735135,1455.841110510788,MOTOR_OVERHEAT
11.509388934882777,67.15781919991863,1.7348440793955064,1527.3772108607243,MOTOR_OVERLOAD
5.961026491720906,80.97347511907051,1.2532763522537442,1479.3984488807932,MOTOR_OVERHEAT
10.978498993232133,62.20621616123264,1.250727881696438,1388.3101670867673,MOTOR_OVERLOAD
4.103356628108416,39.11553906246044,1.1765920455212209,1437.7664235334025,NORMAL
6.737317746653821,51.293148284488346,4.56679848421136,1546.634188681428,BEARING_FAULT
6.83173898505554,90.03049564717479,0.9640303436307055,1423.4518853847062,MOTOR_OVERHEAT
6.649331026102383,81.6958627070259,1.3550644109895678,1538.5433587900957,MOTOR_OVERHEAT
4.8097595142588805,55.47292157908693,5.754131302517178,1478.8769518196661,BEARING_FAULT
9.64386625077638,65.44982357739244,1.223557516088036,1384.157344124888,MOTOR_OVERLOAD
6.5592258942845545,84.09192486692588,1.6205318870321732,1471.342497813758,MOTOR_OVERHEAT
4.489077686488539,46.31347189132615,1.4133208708824232,1503.5803599905526,NORMAL
9.291265886698579,60.87839509313507,1.2761326077757886,1339.7562608645421,MOTOR_OVERLOAD
10.417499145301031,55.983252384241936,1.5382991626846867,1520.541487369485,MOTOR_OVERLOAD
4.9527686734109855,80.11606800553578,1.330057345650856,1475.6178886123305,MOTOR_OVERHEAT
4.650571128050294,48.47373271216322,6.418284741373688,1716.542626425729,BEARING_FAULT
4.632741920564115,46.8923487921099,0.7171960256405978,1533.4245971154498,NORMAL
10.988410578341478,60.14285154657323,0.719928251915895,1433.7128725638831,MOTOR_OVERLOAD
11.584939916296621,57.03188377378532,0.8550672340874579,1394.1930442154226,MOTOR_OVERLOAD
12.104216393391583,68.69137735518956,1.944360374565751,1451.8288653989205,MOTOR_OVERLOAD
7.565656889480043,88.22210721851326,1.1934340142017295,1604.6809026179806,MOTOR_OVERHEAT
6.059363753240823,50.274792248362296,5.657751883637788,1449.9049754686353,BEARING_FAULT
4.507395244721984,54.38353288687932,7.174151400847053,1562.4869377482426,BEARING_FAULT
8.383520630344044,74.49035032166239,1.0051734749979022,1456.7419377894153,MOTOR_OVERHEAT
4.8057249774280395,45.51448636996506,1.1349445979669603,1500.1723056937265,NORMAL
12.711898954265553,52.04003723965188,1.3260676265456925,1493.7219607347822,MOTOR_OVERLOAD
3.7958813134790996,49.98597073754112,5.768794851583034,1745.9641804208077,BEARING_FAULT
6.12982098937993,77.59866309566334,1.3730545422245068,1558.5655781167306,MOTOR_OVERHEAT
5.152557389263757,51.19567431166019,4.66379039280687,1417.8234285024798,BEARING_FAULT
5.109940662333144,43.735209181675245,0.9634584327839999,1460.7560253012714,NORMAL
13.99164274202161,53.436322281937116,1.0289963532477455,1445.3121082127395,MOTOR_OVERLOAD
4.031134771573601,50.91996178887572,2.7831152908793486,1732.534189505492,BEARING_FAULT
3.988641609569115,44.12926122626137,1.2481518398863667,1531.4606700532731,NORMAL
8.20685792416733,71.2420197392502,2.14351312397962,1443.7793095802988,MOTOR_OVERHEAT
6.150771700485837,76.280833113071,1.5945909544726025,1506.0990761279077,MOTOR_OVERHEAT
6.461739065144718,44.46416201126726,4.835356934004411,1401.7357960165002,BEARING_FAULT
12.025443094219582,61.17361328174739,0.7394195409103282,1356.9950629515695,MOTOR_OVERLOAD
5.077795377672543,43.181180960850156,4.7222751971236985,1480.685747455049,BEARING_FAULT
4.763236926284247,41.2938675553714,1.0042216248620515,1491.7421696635784,NORMAL
5.200386421624421,53.69794568210902,5.803960578559606,1406.148749018873,BEARING_FAULT
5.081885266419979,89.51335478701093,1.457019100965177,1438.825181918833,MOTOR_OVERHEAT
6.738039379116377,87.49579664806815,1.0747226610308243,1449.3627046636375,MOTOR_OVERHEAT
3.4600049354412215,36.48320844319993,0.8720185050822702,1522.1581402398128,NORMAL
5.050172646446335,40.133126326454374,0.4535948974226085,1536.9879678707916,NORMAL
4.892233151701125,49.73012296701063,0.8661791864623498,1515.9592760280939,NORMAL
5.131998010383059,42.00074664686193,0.757262204517688,1527.5060993803604,NORMAL
5.4428458048045325,44.74809229300619,2.788964054602454,1481.7624102374225,BEARING_FAULT
5.0543509441410475,46.68090683789834,1.0272400070830143,1487.7519168411382,NORMAL
6.872336878239387,47.089254968211634,4.425602628757153,1400.232271660003,BEARING_FAULT
4.463392372353483,45.351851585324006,0.9677398767201808,1511.272341947342,NORMAL
7.106593157559428,77.15869740289246,1.2613220497415654,1558.4632415181918,MOTOR_OVERHEAT
9.556291094478372,60.902208361651084,1.8677853891259815,1493.8849875004482,MOTOR_OVERLOAD
7.638943608503082,58.254287372176755,0.7520626139151422,1322.4105581751246,MOTOR_OVERLOAD
11.54150165544716,71.20661883252757,0.8651058713646587,1475.9116384866804,MOTOR_OVERLOAD
5.351636411942156,51.51896933824482,4.518338854978592,1473.3098944977085,BEARING_FAULT
10.477119551067519,60.58431553881991,1.1625085313848582,1307.002713173978,MOTOR_OVERLOAD
6.805376348887007,53.15400466712241,5.375551190302231,1712.5952545209946,BEARING_FAULT
9.741715835731224,66.12580279303373,1.218256225385487,1410.7790434814042,MOTOR_OVERLOAD
10.462088969692054,59.46545045938343,2.277640120930548,1472.1157360268287,MOTOR_OVERLOAD
5.736957601626409,56.36266566993313,5.962372306822747,1204.152281993124,BEARING_FAULT
5.798129496449031,82.10020083091618,1.5571826908147168,1455.2735996383838,MOTOR_OVERHEAT
5.035296547927982,51.45067249211514,4.749690571769153,1573.9022346243248,BEARING_FAULT
10.180513462231,37.547727541169856,1.9186445643054297,1245.1048511792408,MOTOR_OVERLOAD
5.167145548707084,46.90051226939204,0.753432468537088,1503.6610575695545,NORMAL
10.312387588170264,52.044803155016865,1.3150891586728954,1558.111098946496,MOTOR_OVERLOAD
5.320492587914891,84.58761054351885,1.3546090751033173,1383.1588340233634,MOTOR_OVERHEAT
5.419518039016933,47.01219467350746,0.9736280537892356,1566.5910423499308,NORMAL
4.376009536255703,42.082852254505354,0.800236686663869,1527.5076874047113,NORMAL
5.925533049644662,79.86182871544713,0.8835561427040897,1472.2952450301216,MOTOR_OVERHEAT
4.450906330492444,38.049141619451476,1.117968933095448,1457.5181496461378,NORMAL
5.032990379823341,62.95531083956185,5.714754879803017,1440.393746402346,BEARING_FAULT
6.601215365757254,83.72005071883495,1.4356107852547253,1396.1568041761916,MOTOR_OVERHEAT
4.894470220556405,49.879691031699664,6.030055341846991,1404.8363017243464,BEARING_FAULT
6.284500546962884,60.67682696343872,1.1713406605432142,1543.6875716521895,MOTOR_OVERLOAD
6.700459715483966,49.95437003263686,3.6906660247354823,1111.5896688570595,BEARING_FAULT
5.466926722915918,50.45650111329285,2.8603535424180313,1518.3936859429919,BEARING_FAULT
6.008435656993786,52.88788659208829,3.242373742471648,1362.648890739971,BEARING_FAULT
6.418726197989872,56.846972484390065,5.277579676432871,1664.0353107609612,BEARING_FAULT
8.639211604196172,52.6154756753714,1.894460258344198,1331.9245420950742,MOTOR_OVERLOAD
4.4503343238672874,48.64878962300812,4.424027696586649,1603.255541758017,BEARING_FAULT
4.682912970879848,76.81950772504922,1.056203574465275,1510.1586609251808,MOTOR_OVERHEAT
9.415632511002206,62.0704172517798,1.7261117486796798,1188.9377538967112,MOTOR_OVERLOAD
8.356999644494582,49.27223441778338,0.7829460792008435,1264.5951461142713,MOTOR_OVERLOAD
13.074308358561101,60.48087726433433,0.8765450928185214,1338.3419878801433,MOTOR_OVERLOAD
5.606802577765386,44.858678003393166,2.373284929790931,1448.833670713848,BEARING_FAULT
3.7975580245615665,49.45040341295119,4.536532708412438,1633.8357284072704,BEARING_FAULT
8.6523074082494,67.11632605387308,1.156778288315726,1252.4402404951172,MOTOR_OVERLOAD
4.775159199786391,49.39735529961137,3.1061218401147697,1511.0668102810912,BEARING_FAULT
4.474735592867676,54.575353770840444,3.6029744059634936,1346.2252637399772,BEARING_FAULT
11.074610998166898,59.21899886044623,1.3304377915690064,1434.0737838388889,MOTOR_OVERLOAD
4.7945954368016706,52.19315080369225,0.5713553697321165,1512.5898522235834,NORMAL
4.687206248817629,49.9136832491206,0.7929653376544162,1482.0684090542306,NORMAL
12.676361295399733,50.55158573168201,1.304938182970456,1342.447694425042,MOTOR_OVERLOAD
5.865951212898457,52.46852616853432,5.620882670599082,1427.1246960677397,BEARING_FAULT
5.218893552707657,49.91555338817591,6.359015093649571,1531.4657833560295,BEARING_FAULT
4.581545706019834,46.50417747849045,1.121494695677403,1473.2001961248711,NORMAL
5.0986344217863815,44.28537932394444,1.087361560339448,1554.696061109537,NORMAL
13.861922740020322,52.3687327161446,1.436248811396484,1321.5503351386062,MOTOR_OVERLOAD
11.583958086656615,52.08606298619992,1.2009547867502297,1354.0847869040467,MOTOR_OVERLOAD
5.388490814425684,44.34418599989201,0.9659938006480578,1488.8698492617132,NORMAL
4.805924638050314,38.9038908932792,5.473792490367985,1363.784617212567,BEARING_FAULT
12.196788800418904,52.03115657713149,1.548976418703786,1499.9241734388934,MOTOR_OVERLOAD
8.75283448752793,57.37009176216472,2.0073701314055383,1419.6418864796028,MOTOR_OVERLOAD
5.133873211043699,45.4187601195525,0.990776850321841,1509.3838232357375,NORMAL
6.301953829275221,81.11887584045301,0.5117367351869082,1477.0291472960557,MOTOR_OVERHEAT
6.652870711120002,83.82803111225341,1.0695650930247664,1492.3965476633673,MOTOR_OVERHEAT
11.389417021854822,58.807716617935576,0.5952732156255209,1425.9151713668814,MOTOR_OVERLOAD
10.927274149294016,56.12742807972225,1.73349231224295,1414.731757832926,MOTOR_OVERLOAD
10.916785975615497,51.48858825314714,0.8480818406815793,1178.4901422828511,MOTOR_OVERLOAD
4.927068909461883,46.9420996805591,3.86535547491582,1305.6606139286655,BEARING_FAULT
6.731937508628588,90.01525643017285,1.622475510660168,1420.24648444753,MOTOR_OVERHEAT
5.155584135049119,60.52637548430332,5.450735394541377,1521.4861876399375,BEARING_FAULT
10.28220725786335,54.39582023338398,1.2837014568731229,1378.3551038789378,MOTOR_OVERLOAD
5.642861675558571,47.55905968981813,3.3405809205142223,1626.367903761288,BEARING_FAULT
6.776702017604885,78.06128981600334,0.8589855721840811,1472.8007698099427,MOTOR_OVERHEAT
13.147215670891125,57.775281490100205,0.3616847029986413,1537.499212779929,MOTOR_OVERLOAD
9.95801096993171,59.717169655325904,1.2609987084332972,1330.4226110140078,MOTOR_OVERLOAD
9.459154104968512,57.97102976634034,1.922406530779991,1416.056548652928,MOTOR_OVERLOAD
5.422375806115824,43.66261538446943,6.23875594339735,1280.4847000398292,BEARING_FAULT
6.345793098010066,57.05208984308169,5.922962451419191,1078.5682600417927,BEARING_FAULT
6.5676199224735665,48.841295566771855,7.0596261239390525,1458.0018679448726,BEARING_FAULT
10.971526100478707,68.49852351667778,0.8824337434710251,1334.1043218742934,MOTOR_OVERLOAD
10.851182397160924,58.88933857710087,1.1396006084790462,1540.8704912025844,MOTOR_OVERLOAD
4.926389217502924,43.697207559705085,1.2026819899493435,1493.150690236307,NORMAL
6.051879192344456,101.87234142148385,1.7310428137199638,1591.4276411765863,MOTOR_OVERHEAT
5.941751588347722,45.65692729573225,4.558394734069294,1313.2852655704821,BEARING_FAULT
11.49546096826632,53.70268530933241,1.2425709413447343,1313.3807748883232,MOTOR_OVERLOAD
7.661906563046586,91.69083501156618,1.1654777346226235,1442.774427624793,MOTOR_OVERHEAT
5.314129769755063,101.35197167763087,0.804597987989732,1570.793123286963,MOTOR_OVERHEAT
7.267342342696105,91.5451413351281,1.7719993452851623,1417.3486583878087,MOTOR_OVERHEAT
8.932847987698963,60.050145315748985,1.053457178693955,1511.4257479453574,MOTOR_OVERLOAD
4.914451987297389,47.562639425992174,4.370996585602959,1384.8075707529601,BEARING_FAULT
4.8417324339810275,50.880323318579215,4.218393371421765,1469.9509872982148,BEARING_FAULT
10.923730074336078,58.100504254430454,1.0659263693893337,1443.94703347572,MOTOR_OVERLOAD
14.533731772397227,75.97743457238886,1.1475378769190283,1420.1811411202746,MOTOR_OVERLOAD
4.5323608033081,83.30277021873373,1.0692666179295585,1420.7848475352941,MOTOR_OVERHEAT
10.85237388701333,58.206444975913165,1.7404770133516796,1402.1434754495551,MOTOR_OVERLOAD
3.988119109259539,43.9564007079966,1.14407234575353,1507.0819739003964,NORMAL
5.498604274063839,46.349168570671736,4.2549177596578245,1413.0408407186558,BEARING_FAULT
9.590655887220862,59.389280951669924,1.5192350816328568,1367.7691234259491,MOTOR_OVERLOAD
7.711325194760139,89.05866890833745,1.0664612392424575,1556.6078313816686,MOTOR_OVERHEAT
5.265363582235671,44.352384537840194,4.482492107486262,1464.666850018877,BEARING_FAULT
6.173640535115878,45.84909706100504,4.3094682074319355,1507.582870661104,BEARING_FAULT
6.789487265411252,77.80591128011365,1.8036103872726543,1559.9869773355128,MOTOR_OVERHEAT
12.281576991017557,56.8705177698786,0.8163514781276177,1417.8979326660963,MOTOR_OVERLOAD
9.027418086443632,50.77379830879573,1.7183322367042793,1266.0042948019716,MOTOR_OVERLOAD
4.131732516546148,49.9051718225958,1.235406614839506,1454.6491589832108,NORMAL
11.293071373908198,53.339493078362075,1.2616662001428571,1409.9212254884485,MOTOR_OVERLOAD
4.540678833542172,40.41267167133024,1.5047150756020296,1493.2050206568103,NORMAL
6.47630615202155,44.12529955346937,4.919620709900155,1342.5277914819192,BEARING_FAULT
4.933885186292002,88.09412529795796,1.4670031702707442,1444.8753866908285,MOTOR_OVERHEAT
5.050388601988672,49.0963953593641,1.917859368699047,1565.7093720775051,NORMAL
5.784085978652677,49.100803565492946,4.191919288294974,1544.2314094639676,BEARING_FAULT
5.218578107161666,48.660190961225034,3.9804367131495098,1785.1262021239074,BEARING_FAULT
11.088639999537525,62.84492340413769,1.5648581125962413,1368.6197105491078,MOTOR_OVERLOAD
5.325991673977357,74.81361806382911,1.8939089624202081,1573.6345162112875,MOTOR_OVERHEAT
5.571990775287066,49.83279943565228,5.68038431425307,1485.8149208280333,BEARING_FAULT
11.408001660324782,55.82685319567011,1.2076776538047935,1468.134389858324,MOTOR_OVERLOAD
9.960219580786331,48.09158900546238,0.9771024778162336,1487.8518601750197,MOTOR_OVERLOAD
4.494061837824278,42.15065174234917,0.8631531411653927,1519.1876212239013,NORMAL
4.7169343798169985,42.8297687195527,0.5020336355740936,1468.1728463331765,NORMAL
5.924781729579215,72.95430789059063,1.7200847940665471,1430.823210408417,MOTOR_OVERHEAT
5.167318570788344,48.4877374660778,0.4469357747623871,1500.7014760669224,NORMAL
5.137526824469041,44.27000062939895,0.945010733071822,1489.5908547774752,NORMAL
8.258884081511754,88.92208840492073,1.942151640510748,1491.6454977701908,MOTOR_OVERHEAT
5.321169406756418,47.31945007337321,3.408214289712534,1415.0308723205403,BEARING_FAULT
6.978439032728443,54.1439769008034,4.429677163667899,1631.0177660851473,BEARING_FAULT
10.746606265512893,62.948456479287806,1.6418692345965218,1379.0173903187151,MOTOR_OVERLOAD
5.5527500997707,89.05365732456117,1.6376645140808748,1566.9041243581369,MOTOR_OVERHEAT
10.038476126018654,62.77523192813316,1.07587968924074,1427.061777906177,MOTOR_OVERLOAD
6.131863466106147,84.72452157782865,1.2841360878766097,1418.0121649925145,MOTOR_OVERHEAT
5.24814715987402,47.566296516670846,5.102268455607756,1402.520832228906,BEARING_FAULT
5.970124639099165,45.657282637527665,0.6192731155420563,1552.381025460576,NORMAL
10.84612108068713,63.18747070771525,1.0179235164282696,1192.037240130381,MOTOR_OVERLOAD
5.0034927722061004,88.64893151317862,1.1880822551880301,1445.487033540949,MOTOR_OVERHEAT
10.864565380839778,56.69984047566448,0.9599201465576548,1341.159543388557,MOTOR_OVERLOAD
6.4770546303728125,85.60907597888026,0.10818377664619638,1465.7509454521098,MOTOR_OVERHEAT
6.461017231772471,82.08330874926753,1.13124987729784,1397.2714760331864,MOTOR_OVERHEAT
5.772398666963039,45.36941615301783,0.7433420641274273,1539.3166482584704,NORMAL
11.375484939785695,59.9480899193731,1.2424111563115479,1414.8972689886507,MOTOR_OVERLOAD
5.239732851945165,46.02982406662465,4.905557032406857,1764.9744264643648,BEARING_FAULT
6.221739961632421,94.16636238326706,1.1156453646750888,1552.8870685929712,MOTOR_OVERHEAT
4.568311860029126,50.30058691549935,1.3026005067864517,1525.4337335306373,NORMAL
5.730399804379049,43.59909747124789,4.97887103700266,1229.0762352295471,BEARING_FAULT
5.525235742883545,52.7376872243992,3.3255271647041953,1327.2099442897395,BEARING_FAULT
6.707406485401168,80.30236375097674,1.2185269259187397,1525.2268491240998,MOTOR_OVERHEAT
4.218408729899322,50.849421053893444,0.6967393246431048,1424.569535577155,NORMAL
11.762562987526922,60.895812996734655,1.3305227243396187,1371.173793005921,MOTOR_OVERLOAD
5.20254472927936,39.70983546683328,0.838139445423658,1477.0532123656633,NORMAL
6.918181361586765,92.34349292864073,1.5745257636296608,1499.799045530622,MOTOR_OVERHEAT
4.8791085678422,49.79963062726441,2.7151123938561215,1494.070534113927,BEARING_FAULT
6.957064914176863,73.06940623587164,0.5851431513230098,1553.2611556227962,MOTOR_OVERHEAT
6.399480129118956,48.79301269766659,5.927652003179525,1622.9483958013584,BEARING_FAULT
7.211960171343404,73.1860261370963,0.17765163985607324,1499.8611834882101,MOTOR_OVERHEAT
6.183641566666461,51.025400397720674,3.004095007148573,1247.362228454211,BEARING_FAULT
11.52531874678779,71.63595394535999,1.1606055687892414,1353.8282257956116,MOTOR_OVERLOAD
5.962552616910284,46.16492566738952,1.012789307331324,1461.3994910088195,NORMAL
7.6665467057472085,85.52507995642188,0.9521876509645274,1421.2126796801278,MOTOR_OVERHEAT
4.958517239164316,48.884556027291644,1.1848706189659939,1505.464091320508,NORMAL
12.618685668986313,54.329170699241224,1.1699362387984984,1360.5134198937546,MOTOR_OVERLOAD
5.032612151234229,50.90957453668014,1.211790924009645,1430.9357327550488,NORMAL
7.380306952092564,85.07974268750334,1.2868648494322552,1505.4610665530813,MOTOR_OVERHEAT
10.793176716586645,53.16359516229061,1.7287611824730633,1434.4946500831384,MOTOR_OVERLOAD
11.799878031820645,67.69769052138236,1.3290292322364077,1366.7131902986778,MOTOR_OVERLOAD
5.383588056418228,55.47454182292416,4.879770857033048,1657.8893416709084,BEARING_FAULT
8.940424010647037,60.11451627406024,0.5109183103224659,1520.6947926243176,MOTOR_OVERLOAD
7.1413213884653555,87.78692173905826,1.5478184867696978,1432.1737339521098,MOTOR_OVERHEAT
7.415268386646545,79.93913057379258,0.6429758274281318,1447.8634650844542,MOTOR_OVERHEAT
11.564104394481157,58.27976105676411,0.8280113273549299,1496.737231414757,MOTOR_OVERLOAD
10.73125101017988,68.88805209357382,0.8983061895479183,1437.0293457803923,MOTOR_OVERLOAD
5.533123908269365,89.44854177707099,0.7908279919949419,1492.7019255681887,MOTOR_OVERHEAT
5.426735947875713,42.42253151914791,0.9072932904411252,1488.39736904251,NORMAL
7.776973660750163,87.99947535295267,0.4262342023062796,1661.7903033323284,MOTOR_OVERHEAT
12.806761327409234,53.985729254957064,1.3145774903305238,1384.782166534152,MOTOR_OVERLOAD
5.860842145634901,56.987100760812844,5.876175637962911,1500.3193939644461,BEARING_FAULT
4.8282507598665845,42.509839389337785,1.22978663581787,1488.7194207225916,NORMAL
4.725380341425905,50.89444556901238,0.9739885897473629,1488.8761482804837,NORMAL
6.203854407809106,85.04494166967046,0.9149279792485071,1461.8385860829783,MOTOR_OVERHEAT
5.382143770023326,40.771380503446906,1.2667381952581023,1523.6128229194555,NORMAL
6.535629713490566,101.4651545341462,1.3500051579990537,1471.975355061632,MOTOR_OVERHEAT
4.249810676646113,44.96838193850706,0.967439010194453,1561.9490223385144,NORMAL
7.081706302520999,60.49251298176094,2.1221907434474474,1447.1480401310673,MOTOR_OVERLOAD
4.93794793185522,50.70131577388122,0.7506142492146771,1447.9270899111561,NORMAL
5.187205682930746,47.63155204173272,1.2503576642107173,1519.5196548321835,NORMAL
4.250930725198182,56.71797700663713,2.7134867454788987,1452.7225791918197,BEARING_FAULT
6.631629311429175,67.24544146359197,1.5219960959430123,1517.9883038909707,MOTOR_OVERHEAT
5.159297013093683,54.98533943465632,1.6679537776043643,1311.7194918454873,BEARING_FAULT
5.913799323421026,80.37589194376179,0.7089535051958511,1485.9929352572733,MOTOR_OVERHEAT
6.676739562004246,55.48863905523483,3.216243840231962,1336.6159519911644,BEARING_FAULT
13.263079434983867,52.396357284122416,1.7103728526320912,1518.2269040006618,MOTOR_OVERLOAD
10.419655174023122,46.92472675223905,1.2523499865134677,1352.809044744176,MOTOR_OVERLOAD
4.263360323200514,65.50323598416472,3.6481568070558885,1528.5867953124496,BEARING_FAULT
5.5743780342579825,63.131950426711896,7.289764751515097,1166.6943056266857,BEARING_FAULT
5.096114355990245,44.543160432888655,1.0268778302105304,1466.1559145529068,NORMAL
6.136572980308683,51.91285344045376,4.3319632248554765,1235.8319248030314,BEARING_FAULT
5.1868717005820635,43.15149169931022,0.8394233300108265,1470.7196826837715,NORMAL
4.065820701591493,81.000577594925,1.2265211898066002,1385.9130316519268,MOTOR_OVERHEAT
5.211632097815806,46.56804374946303,0.7700614497406993,1472.8484730463128,NORMAL
11.293727581822191,66.99052165390194,1.076211702740439,1417.1047763709867,MOTOR_OVERLOAD
5.84448911678823,43.05522347720381,0.9469422419281612,1546.539832572259,NORMAL
4.564864361278548,43.546957409724776,0.7168139425833994,1521.8666813046593,NORMAL
12.141418288821676,64.1585540832833,1.495850457548961,1398.427185033193,MOTOR_OVERLOAD
5.3484956886265556,89.35744836267936,0.732656384562705,1471.8933522201712,MOTOR_OVERHEAT
8.509807748971127,78.79897148533504,1.534736593219689,1445.8652441231245,MOTOR_OVERHEAT
4.381511767837308,45.56567789336218,1.2506130981706693,1470.3592568088443,NORMAL
8.76791488410222,55.04185446770549,1.8004437929248716,1474.8890499943766,MOTOR_OVERLOAD
5.501397050760263,46.57246603858985,4.221406518389351,1745.7897777954101,BEARING_FAULT
4.206774260716679,43.44935172638219,7.252206387991036,1719.7467134395777,BEARING_FAULT
9.534130653302215,58.488327018550464,1.2156681146575332,1356.9463826761275,MOTOR_OVERLOAD
6.129251260060081,95.98996775366797,1.0873355551750155,1421.1542261393024,MOTOR_OVERHEAT
4.866791759233839,55.450670022378624,4.795923770379043,1664.7193976432875,BEARING_FAULT
11.542719416907474,64.5612075292976,0.61676491783467,1497.1777179598225,MOTOR_OVERLOAD
5.864440277923823,56.40386658071585,4.919348266955809,1471.566350239558,BEARING_FAULT
4.783018761464033,44.889865681760156,4.6525413088373755,1245.8823856970969,BEARING_FAULT
11.701422239851532,58.94760009300818,1.1536973123809877,1363.367896469153,MOTOR_OVERLOAD
14.097536386551283,58.77869393477106,1.283465087614436,1266.6341669981337,MOTOR_OVERLOAD
5.398227367312102,46.32565746586742,3.487744719312591,1542.3176871936225,BEARING_FAULT
7.811669976816834,89.71330416240238,1.5534907773386695,1547.8023967773681,MOTOR_OVERHEAT
5.369587653545297,42.88832945070275,1.034124446045843,1543.663344775099,NORMAL
5.121678366138668,46.18766348294445,1.7904222263245,1462.5471489981883,NORMAL
6.147549447779563,80.22448296731599,1.5215962709450745,1548.8631424063108,MOTOR_OVERHEAT
5.4804510121069425,52.4083753113786,7.39853539417247,1554.0564928693987,BEARING_FAULT
12.13724632584226,63.320140452436576,1.0822712830909005,1210.097915717166,MOTOR_OVERLOAD
4.389797150639793,47.18334261509314,4.715583782048631,1516.0166054898427,BEARING_FAULT
11.273583822085813,67.62645997621213,1.27188723119426,1301.1500720537053,MOTOR_OVERLOAD
8.009886254577104,72.03638953451522,1.2868418457124038,1504.4878049785425,MOTOR_OVERHEAT
10.105442498544834,56.05646515642869,1.313882426856849,1498.8382877971317,MOTOR_OVERLOAD
8.251979104662965,84.32436837833605,1.5489050495792123,1479.3121347003917,MOTOR_OVERHEAT
5.999158843471467,90.46387232525943,1.6689072657145112,1591.3635928790022,MOTOR_OVERHEAT
6.6588975076511385,50.34876142111743,3.80739718341224,1289.3005602559447,BEARING_FAULT
7.26146641518899,84.17535738721354,1.3821472622551376,1463.3321616449034,MOTOR_OVERHEAT
6.627252030297215,93.63254115857507,1.7388806755394701,1498.7304171310918,MOTOR_OVERHEAT
4.943442467448466,40.994834268973825,0.7582019173504607,1465.8922754146072,NORMAL
5.546225960634913,93.94303565080239,0.919822514791516,1476.247648254715,MOTOR_OVERHEAT
5.985610980177954,80.3616939487819,1.2510024996339775,1485.8169148554236,MOTOR_OVERHEAT
5.309246241740486,44.780260535188326,0.836865158694183,1538.7298236948518,NORMAL
7.350613589569128,79.51911273277138,0.9651041249013221,1554.9537720232072,MOTOR_OVERHEAT
10.010753455740096,57.74748369018168,1.3447836965777513,1380.3945942725309,MOTOR_OVERLOAD
5.210846344671486,75.1157234098434,1.3069338928737704,1417.2585099466266,MOTOR_OVERHEAT
8.258415614493028,77.68002951470146,0.9628323996135111,1484.351683158158,MOTOR_OVERHEAT
7.134062356079032,73.3209480544002,1.2536101675408544,1606.18837200343,MOTOR_OVERHEAT
5.3691540601811365,44.523324650688316,1.4921062281694932,1556.9238059804647,NORMAL
5.591834024189248,48.49388903136843,7.561618744345322,1516.155865497031,BEARING_FAULT
5.198071974842609,50.14727683732142,3.8192642406140846,1534.0648515634157,BEARING_FAULT
6.939198221475799,48.075833412478424,4.15368640597674,1203.8438058346474,BEARING_FAULT
9.943760093638225,56.63393422488503,1.808428748344057,1447.5708980003262,MOTOR_OVERLOAD
5.701526267230032,95.55654029180866,0.787974010354302,1482.4738579155326,MOTOR_OVERHEAT
11.513970798792204,45.979785223598824,1.752554704783324,1449.2759949718459,MOTOR_OVERLOAD
3.9357773351436034,44.79206515143293,5.292813853845878,1752.1212385461133,BEARING_FAULT
10.331480665920186,60.72719123121286,0.7159465880592878,1563.101895105431,MOTOR_OVERLOAD
5.030685235131297,41.7336995701777,1.398446986268739,1449.7578082852785,NORMAL
5.142156154398824,55.911200850384965,5.326868180368573,1437.0269318484877,BEARING_FAULT
6.249011179411639,84.06376524768926,1.8288728333269992,1558.488645610363,MOTOR_OVERHEAT
4.893775546148031,55.07904721092934,4.807033638828082,1491.6340674332246,BEARING_FAULT
5.99055675933875,44.43604841022233,1.1646948622230733,1445.517966765894,NORMAL
13.96546305216977,52.23060765326902,1.7367625743047408,1299.1524784960113,MOTOR_OVERLOAD
4.3750474204272365,48.07942757222142,1.0953996083242141,1511.8440235849307,NORMAL
6.867703229179714,79.37759073473534,0.7294260415099866,1382.4838509033336,MOTOR_OVERHEAT
4.6007117634777455,47.95391146437875,4.74727141822332,1632.3381400778808,BEARING_FAULT
5.523191506925029,109.05149331189165,0.5564919628878281,1493.0392976488629,MOTOR_OVERHEAT
5.238047497950635,56.24631126885946,3.880204298509405,1678.9485088371632,BEARING_FAULT
6.370451362215672,82.09473323851518,1.2652918195488925,1481.1069147232126,MOTOR_OVERHEAT
11.116785086400956,58.59826225794455,1.444849990377079,1389.1909575274697,MOTOR_OVERLOAD
5.371502670185236,44.23695815866181,0.7277147481698198,1447.6361979044805,NORMAL
4.790166630271342,50.06809709157496,4.90966329966729,1675.3024368175338,BEARING_FAULT
8.12498604817735,84.32089039716928,1.4480567430795763,1474.184885822244,MOTOR_OVERHEAT
5.309778543260871,46.25527608042849,0.8590404252341282,1535.9999865771892,NORMAL
7.612014598136795,84.20290613323303,1.4317724987271052,1527.9183556629184,MOTOR_OVERHEAT
4.591442273357635,46.26419148257715,0.7630040938397191,1560.0494345530883,NORMAL
5.97992034718632,52.73972016695649,4.391705297412493,1638.9007714317981,BEARING_FAULT
4.984482291227686,46.429277690842504,0.4250207597445368,1530.8884590941002,NORMAL
10.956587401527853,51.53663275315145,1.7038742954075288,1416.3376740497308,MOTOR_OVERLOAD
5.934811971769114,100.19086900051592,1.5794659214556337,1492.1303498192844,MOTOR_OVERHEAT
5.822324593168479,40.90188434834798,0.6945647165443943,1419.887450458967,NORMAL
13.069748494631583,53.71602941659192,1.1845788878974401,1281.669395668659,MOTOR_OVERLOAD
6.327028453735047,78.14724479865382,0.9651501351082739,1548.9822269780693,MOTOR_OVERHEAT
5.974692996371585,88.94472547488189,1.1088146526713274,1494.017581074659,MOTOR_OVERHEAT
5.320788381182711,54.72206153238519,3.3846299735249774,1560.7156365814383,BEARING_FAULT
12.431941690478459,55.58022812247625,0.7177772314751641,1389.3494502610456,MOTOR_OVERLOAD
5.759474588749703,103.75143182476248,1.1309023288173785,1396.8335633787428,MOTOR_OVERHEAT
6.009089971580495,56.23827588038557,1.2309687943824292,1530.0169421761432,NORMAL
5.336325620290708,50.98174482031029,4.252785665547801,1425.467050731087,BEARING_FAULT
9.936561468431238,47.596465580622024,0.6112194921813597,1278.4480517953398,MOTOR_OVERLOAD
4.76611411810654,41.42317059208209,1.029400574229815,1526.7367074114404,NORMAL
4.250878221669949,51.03214061493309,3.5428636099597703,1434.7266674065897,BEARING_FAULT
5.405294517113751,97.8681866578075,1.5378279201405858,1480.648991165352,MOTOR_OVERHEAT
4.169897154440742,51.44990249246748,5.066448099706101,1307.4358126104462,BEARING_FAULT
4.435122384768654,61.21370361794884,5.099597386745077,1220.5692671785343,BEARING_FAULT
7.149349114224157,83.75353382351857,1.3528231521902712,1579.8965710703608,MOTOR_OVERHEAT
11.646581738899476,58.09903105720186,1.1633944742474398,1409.4330135732826,MOTOR_OVERLOAD
5.906737059966033,37.48804493613637,0.7293666585456846,1500.7596474656043,NORMAL
10.881896311640933,53.58241065914683,0.8853092612965261,1547.0196504629405,MOTOR_OVERLOAD
4.824085048010743,39.85442665966521,0.867847641745602,1554.4983297600086,NORMAL
6.088448305042478,91.46145291313655,1.0797213532519354,1461.540112048985,MOTOR_OVERHEAT
10.29221052841787,60.18332202292944,1.5992009050943592,1367.1821604648385,MOTOR_OVERLOAD
5.056549831029466,55.22742462756186,3.975567889367863,1344.709551605156,BEARING_FAULT
7.109540290349483,59.584633957501644,3.831757769703474,1398.3979538315043,BEARING_FAULT
8.353075921423597,56.48345385679345,1.7068087225672766,1499.1765525655298,MOTOR_OVERLOAD
12.525766021430307,52.38041309433851,1.2432883415198412,1401.5060077264839,MOTOR_OVERLOAD
11.112165183703267,58.61453686431347,0.8419088116453108,1331.412339795666,MOTOR_OVERLOAD
4.4107883481018195,47.62247224468553,0.5594081709054124,1451.4132669076575,NORMAL
4.323591620850303,48.386627312704725,4.036356048312741,1436.6883795047079,BEARING_FAULT
4.657852662306775,59.86905517640206,3.719636522019264,1575.1628863412725,BEARING_FAULT
